Word,Count
the,291
to,225
=,171
in,142
and,140
of,139
for,123
is,118
a,106
if,90
this,79
-,76
by,62
fix,62
{,62
we,60
data,57
image,57
},51
not,49
be,49
with,48
it,48
on,44
from,43
support,43
so,42
as,41
that,41
//,41
use,39
you,36
or,35
all,35
can,35
but,34
only,34
/,33
void,33
float,32
are,31
one,31
+,30
will,30
do,29
at,29
have,29
code,29
no,28
need,28
an,28
&,26
JPEG,26
first,25
value,24
,24
number,23
pixel,22
case,22
end,22
discard,22
SIMD,22
pass,22
just,22
some,21
file,21
1,21
0,20
components,20
\0.0f,\,19
PNG,19
get,19
less-than,19
next,19
buffer,19
interleaved,19
into,18
operator,18
const,18
RGB,18
load,18
int,17
bits,17
return,17
sorted,17
output,17
row,17
pixels,17
==,17
<<,17
decode,17
color,17
bug,16
text,16
read,16
more,16
default,16
byte,16
inline,15
bytes,15
allow,15
always,15
char,15
skip,15
which,15
same,15
now,15
alpha,15
used,15
each,15
per,15
element,15
PSD,14
implementation,14
found,14
then,14
right,14
doesn't,14
channel,14
ignore,13
warning,13
must,13
test,13
position,13
don't,13
should,13
compute,13
3,13
error,13
RLE,13
>,13
them,13
convert,13
up,12
it's,12
8-bit,12
I,12
4,12
size,12
--,12
images,12
The,12
through,12
left,12
shift,12
header,12
see,12
glm::vec4,12
set,12
type,12
block,12
bit,12
using,12
BMP,12
check,11
*,11
than,11
scan,11
Text,11
SSE2,11
add,11
order,11
values,11
mvp,11
};,11
jpeg,11
other,11
NEON,11
has,11
avoid,11
zlib,11
GIF,11
path,11
make,11
If,11
even,11
transpose,10
width,10
(c,10
1.0f));,10
we'll,10
out,10
input,10
component,10
Read,10
else,10
i,10
versions,10
user-defined,10
static,10
last,10
files,10
these,10
8,10
memory,10
req_comp,10
current,10
results,10
remove,10
..,9
y,9
2,9
since,9
was,9
marker,9
huffman,9
png,9
Sort,9
glm::vec3,9
any,9
break;,9
std::string,9
two,9
can't,9
already,9
HDR,9
(int)offsetof(struct,9
\data,\,9
\Sort,\,9
progressive,9
TGA,9
\DynamicVertex,\,9
before,9
still,9
comments,8
handle,8
sort,8
cases,8
\a,\,8
0.0f);,8
version,8
later,8
STBI_NO_HDR,8
where,8
blocks,8
/////////////////////////////////////////////////////////////////////,8
TODO:,8
failure,8
keyword,8
ARM,8
public,8
after,8
way,8
palette,8
#include,8
#define,8
previous,8
compiler,8
reserved,8
store,8
loader,8
shifted,7
suppress,7
extra,7
integer,7
both,7
build,7
:,7
max,7
between,7
x86,7
elements,7
You,7
colormap,7
IDCT,7
warnings,7
because,7
\components,\,7
process,7
fast,7
that's,7
whether,7
n,7
count,7
final,7
x_pixel,7
wrong,7
Mesh*,7
\shader->uniform("\mvp"\,\,7
decoding,7
height,7
source,7
y_pixel,7
decoder,7
\glBindTexture(GL_TEXTURE_2D,\,7
also,7
performance,7
&&,7
b,7
returns,7
step,6
force,6
move,6
disable,6
symbol,6
loading,6
Nicolas,6
C,6
without,6
Shader*,6
odd,6
define,6
\shader->uniform("\color"\,\,6
32-bit,6
callbacks,6
run,6
16bit,6
scanline,6
interface,6
allocate,6
multiple,6
Font*,6
reading,6
8x8,6
\"\C:\A\C_Programme\gluw\Glew\,6
16-bit,6
4));,6
pack,6
0);,6
broken,6
part,6
every,6
copy,6
single,6
c,6
restart,6
x,6
correct,6
horizontal,6
flag,6
want,6
glm::mat4,6
when,6
\glBlendFunc(GL_SRC_ALPHA,\,6
filter,6
\1.0f,\,6
beginning,6
*comp,6
class,6
16,6
bigger,6
functions,6
actually,6
write,6
automatically,6
mode,6
added,6
bug:,6
removed,6
64-bit,5
+=,5
requires,5
actual,5
stb_image,5
interleave,5
switch,5
padding,5
text.pack();,5
compiling,5
render,5
*************************************************************************************************,5
\c,\,5
Color,5
fixes,5
===========================================================================,5
location,5
done,5
new,5
try,5
\glm::vec3(0.0f,\,5
basic,5
stream,5
note,5
tga,5
your,5
API,5
MinGW,5
grey,5
explicitly,5
(add),5
loop,5
domain,5
insert,5
down,5
many,5
glEnable(GL_BLEND);,5
would,5
channels,5
clear,5
good,5
been,5
conversion,5
generate,5
sure,5
See,5
yet,5
samples,5
most,5
<,5
we've,5
iPhone,5
look,5
0s,5
smaller,5
(e.g,5
never,5
various,5
partitions,5
RGBA,5
space,5
initialize,5
iterators,5
here,5
interval,5
rounding,5
access,5
keep,5
got,5
formats,5
!STBI_NO_STDIO,5
could,5
allowed,5
back,5
context,5
font);,5
////////////////////////////////////////////////////////////////////////////,4
seconds,4
interlaced,4
simple,4
merge,4
GCC,4
(2015-09-13),4
like,4
DC,4
i++),4
\pixel,\,4
\memory,\,4
cur),4
different,4
handling,4
special,4
0;,4
speedup,4
Schulz,4
offset,4
length,4
find,4
format,4
corrupt,4
off,4
ones,4
stbi__convert_format,4
m,4
cumulativWeight,4
Ken,4
spec,4
available,4
outputs,4
pointer,4
cur*4,4
animated,4
required,4
texture,4
works,4
std::vector<DynamicVertex>,4
3*cur,4
produce,4
origin,4
intermediate,4
vertical,4
mvp);,4
NULL,4
threadsafe,4
(2014-12-25),4
there,4
invalid,4
I/O,4
2.11,4
old,4
slightly,4
STBI_NO_STDIO,4
top,4
Merge,4
s,4
easy,4
index,4
based,4
change,4
checking,4
leak,4
CV++,4
few,4
those,4
introduced,4
until,4
\glm::vec4(0.0f,\,4
gcc,4
scanlines,4
determine,4
(2016-04-02),4
(from,4
below,4
generic,4
entity,4
\MCU,\,4
Skip,4
\0.3f,\,4
constants,4
non-interleaved,4
font,4
'\n';,4
STBI_NO_LINEAR,4
due,4
(2015-04-19),4
Heap,4
how,4
allows,4
swap,4
its,4
<=,4
@OPTIMIZE:,4
wide,4
glDisable(GL_BLEND);,4
supported,4
attempt,4
aspect,4
2.09,4
This,4
arrow->render();,4
separate,4
maybe,4
following,4
table,4
might,4
#,4
1010,4
glUseProgram(0);,4
Verzeichnisse,4
line,4
malloc,4
minor,4
entry,4
info,4
kernels,4
(int,4
uses,4
small,4
they,4
character,4
2.07,4
instead,4
we're,4
struct,3
too,3
uncompressed,3
\images,\,3
partition,3
rgb,3
mean,3
were,3
assuming,3
Jean-Marc,3
again,3
fully,3
N,3
(SpartanJ),3
divide,3
dispose,3
glm::mat4(1.0f);,3
optimize,3
called,3
match,3
partial,3
v,3
pack();,3
Janez,3
bugfixes,3
shader->use();,3
quad->render();,3
\(Font*)resm->getResource("\res/fonts/georgia.fnt"\);\,3
n-ary,3
type),3
arrow,3
255,3
loaded,3
=>,3
DynamicDrawParam*,3
valid,3
there's,3
function,3
PIC,3
filtering,3
anyway,3
usually,3
indexed,3
(speed,3
what,3
Miller,3
pivot,3
-128,3
unsorted,3
fastest,3
For,3
iphone,3
returning,3
bgr,3
regardless,3
assume,3
STB_IMAGE_IMPLEMENTATION,3
code),3
edge),3
white,3
once,3
resources[];,3
+/-,3
Seddon,3
above,3
anything,3
iterator,3
font),3
child,3
scaling,3
public:,3
who,3
compilers,3
Thatcher,3
undo,3
identifier,3
Sean,3
glm::vec2,3
\bits,\,3
Tom,3
entropy,3
defining,3
id,3
scan_n,3
false,3
e.g,3
key_code,3
\alpha,\,3
memcpy,3
colorspace,3
perform,3
significant,3
\this,\,3
sizeof(std::string);,3
\pixels,\,3
independent,3
Jonathan,3
corruption,3
1/2/4-bit,3
during,3
dummy,3
directly,3
5,3
go,3
had,3
less,3
All,3
\file,\,3
call,3
cache,3
does,3
expensive,3
text.remove(text.size(),3
0.8f));,3
reverse,3
colormapped,3
scale,3
\glm::vec4(1.0f,\,3
resample,3
PNM,3
Note,3
why,3
\glm::rotate(mvp,\,3
frees,3
explicit,3
types,3
quad,3
stored,3
re-enable,3
revision,3
img_n,3
YCbCr-to-RGB,3
points,3
\rotation,\,3
\non-zero,\,3
background,3
combined,3
arbitrary,3
common,3
mvp;,3
(see,3
\x,\,3
IO,3
\0,\,3
enough,3
biggest,3
Windows,3
our,3
specified,3
improvements,3
YCbCr,3
non-random,3
Lienher,3
upsampling,3
Fabian,3
plus,3
require,3
coordinates,3
safe,3
reported,3
MCUs,3
4;,3
\cleanup,\,3
free,3
\y,\,3
work,3
libraries,3
premultiplied,3
\defined,\,3
know,3
\PNG,\,3
\is,\,3
Barrett,3
factor,3
slower,3
rewind,3
library,3
large,3
possible,3
\"\ryg"\\,3
\stream,\,3
(in,3
0..255,3
stb,3
macros,3
bugfix,3
>=,3
C++,3
heap,3
GL_ONE_MINUS_SRC_ALPHA);,3
No,3
edge;,3
b;,3
time,3
\allowed,\,3
trivial,3
decoders,3
STBI_REALLOC_SIZED,3
speed,3
in-place,3
2.00,3
things,3
Check,3
Does,3
acceleration,3
DrawParam,3
built-in,3
1);,3
baseline,3
isn't,3
unsigned,3
accelerate,3
\drawParam,\,3
Portable,3
platforms,3
\width,\,3
reason,3
Giesen,3
avoids,3
parameter,3
x),3
\OK,\,2
support;,2
coefficient,2
request,2
map,2
including,2
(mouse.isInside),2
unpremultiply,2
Known,2
(ryg),2
VK_TAB),2
ok,2
scaled,2
people,2
bit-identical,2
refinement,2
i.e.:,2
omitted,2
needed,2
Golini,2
H,2
bool,2
sadly,2
\data),\,2
0.0f));,2
\0.8f,\,2
cost,2
unless,2
precision,2
127,2
given,2
1.36,2
Mode,2
edge,2
minimum,2
misplaced,2
own,2
\glm::vec4(0.3f,\,2
placed,2
(float)scaleW;,2
specification,2
STBI_ONLY_*,2
maintain,2
\STBI_MALLOC,STBI_REALLOC,STBI_FREE\,2
\128,\,2
issues,2
fast-AC,2
backspace,2
internally,2
column,2
override,2
stbi__context,2
bottom,2
\&n,\,2
\&y,\,2
section,2
starting,2
updateLayout();,2
\quickSort(container.begin(),\,2
font->texture->tbo);,2
reduce,2
Image,2
(or,2
assert.h,2
loaders,2
although,2
open,2
type;,2
-msse2,2
(2015-04-12),2
2x2,2
footprint,2
bpp,2
'unget',2
Mesh::render();,2
\format,\,2
DynamicDrawParam,2
filesize,2
doing,2
client,2
wasPacked,2
2.5f;,2
swapped,2
info(),2
vers,2
0010,2
PNGs,2
needs,2
known,2
deprecated,2
0.0f;,2
FAST_BITS,2
\0.25f,\,2
w/o,2
2.04,2
\1,\,2
sub,2
\&x,\,2
installable,2
blocking,2
three,2
optimization,2
ac,2
Arseny,2
projection,2
pre-expansion,2
result,2
mingw,2
A,2
overwrite,2
idct,2
Else,2
MCU,2
STBI_MALLOC,2
\mode,\,2
closer,2
inside,2
drawParam->position,2
least,2
\a/b,\,2
diffrent,2
sometimes,2
2.03,2
\green,\,2
\channels,\,2
Bubble,2
Pocheville,2
increment,2
transform,2
STBI_NEON,2
effect,2
hand,2
(2014-12-14),2
Lloyd,2
history:,2
additional,2
Dave,2
\"\last"\\,2
std::isalnum(c)),2
usage,2
(currently,2
outline,2
2.00b,2
mousey);,2
\(Mesh*)resm->getResource("\res/meshs/arrow2d.data"\);\,2
Copy,2
glm::mat4(1.0f));,2
addition,2
Kapoulkine,2
magnitude,2
parse,2
unzigzag'd,2
starts,2
parameters,2
Texture*,2
raw,2
requested,2
I'm,2
designed,2
mouse,2
invert,2
Insertion,2
run-time,2
32,2
0.0f)));,2
mesh,2
polyphase,2
warnings;,2
care,2
worth,2
Dummer,2
catch,2
consists,2
convenient:,2
\(Shader*)resm->getResource("\res/shaders/text"\);\,2
enabling,2
\//"\res/meshs/arrow2d.data"\,\,2
ch->yf,2
reasonable,2
consider,2
towards,2
PD,2
It,2
window,2
\support,\,2
fill,2
2006-11-18,2
s->use();,2
name,2
fall-through,2
92,2
handles,2
'\t';,2
setPackType(STREAM);,2
sse2,2
such,2
VK_SPACE),2
escape,2
typo,2
//render,2
messages,2
their,2
unused,2
gif,2
attributes),2
temp,2
1-component,2
0),2
\paletted,\,2
though,2
ConstantAnimator,2
true,2
spec),2
against,2
limited,2
(next,2
level,2
color;,2
(getInputState()->keyboard.get(VK_SHIFT)),2
belongs,2
counted),2
printable,2
(.ppm,2
(controll,2
perf,2
errors,2
jpegtran,2
profile,2
STL,2
Data,2
(c),2
getProjection(STD2);,2
dy,2
t1),2
\(Mesh*)resm->getResource("\res/meshs/texture_quad.data"\);\,2
something,2
unpack,2
treat,2
create,2
\//"\res/shaders/textured"\,\,2
allocates,2
Parse,2
countdown,2
\time,\,2
TGA;,2
nice,2
preshifted,2
\in,\,2
T,2
PGM,2
trans_data,2
detection,2
important,2
STBI_SIMD,2
Selection,2
\"\pixels"\\,2
causes,2
components),2
targets,2
jpegs,2
*y,2
longer,2
numv;,2
\code,\,2
safety,2
sense,2
STBI_JPEG_OLD,2
-0.047,2
(int)((cumulativWeight,2
Was,2
(!wasPacked),2
round,2
another,2
\STBI_REALLOC,\,2
2.01,2
'n',2
u,2
\u,\,2
!=,2
'\b',2
\//"\res/meshs/quad.data"\,\,2
components;,2
temporary,2
colors,2
rename,2
binary,2
(16-bit,2
everything,2
intrinsics,2
provided,2
\uni->uniform("\color"\,\,2
let,2
DynamicVertex,2
slow,2
3*x,2
(for,2
\"\normal"\\,2
offset);,2
\marker,\,2
makes,2
Softimage,2
\machine,\,2
\mousex,\,2
\4,\,2
16;,2
||,2
Quick,2
\glm::vec3(-0.8f,\,2
glDisable(GL_DEPTH_TEST);,2
fairly,2
(2010-08-01),2
place,2
'*comp',2
(that,2
X,2
width;,2
under,2
(y,2
15,2
tab,2
component;,2
Radiance,2
(auto,2
STBI_NO_PNG,2
fail,2
fixed,2
\way,\,2
JFIF,2
WTF,2
\passes,\,2
Ronny,2
variables,2
otherwise,2
pre-1.49,2
attributes);,2
',2
enabled,2
maxcode,2
T>,2
\performance,\,2
|,2
matting,2
Zemva,2
James,2
(which,2
\STBI_MALLOC,\,2
uv.y;,2
(2016-01-22),2
save,2
parent,2
\"\next"\\,2
prev,2
initial,2
crappy,2
wants,2
4*x,2
internal,2
system,2
sign,2
\bytes,\,2
.hdr,2
range,2
\("\ease\,2
x/y,2
tRNS,2
thread,2
\0s,\,2
method,2
STBI_FREE,2
32-bit),2
Include,2
(stb),2
1:,2
(prev,2
produces,2
supports,2
GLenum,2
\up,\,2
really,2
resourceCount);,2
spot,2
shifts,2
Shell,2
fit,2
\use"\)\,2
resourceCount;,2
stuff,2
shortcut,2
JPEGs,2
\-100.0f,\,2
big,2
start,2
mona,2
calc,2
non-alpha,2
explanation,2
';,2
used),2
\"\s"\\,2
\//"\res/textures/mona_lisa.png"\,\,2
larger,2
information,2
'\r'),2
warning/errors,2
1.0f);,2
depends,2
(2015-04-15),2
(offset,2
calculation,2
TestScene::resourceCount);,2
\STBI_NO_*,\,2
z,2
\(Mesh*)resm->getResource("\res/meshs/quad.data"\);\,2
\filter,\,2
efficient,2
*only*,2
stripe,2
uv.x;,2
2.08,2
\uni->uniform("\mvp"\,\,2
2.06,2
2.05,2
\glm::rotate(m,\,2
\round,\,2
256,2
(char)std::tolower(c);,2
\(Shader*)resm->getResource("\res/shaders/uniformColor"\);\,2
fallthrough,2
(2015-01-19),2
rotation,2
2.02,2
Offset,2
problem,2
DEFLATE,2
existing,2
\assert,\,2
largest,2
term,2
(paletted),2
\range,\,2
decoded,2
enum,2
VC++,2
\resm->releaseResources(resources,\,2
neighbor,2
0:,2
entries,2
stbi_set_flip_vertically_on_load,2
CRC,2
wasn't,2
variable,2
2.12,2
Jetro,2
NOT,2
well,2
stop,2
derived,2
stdio,2
taken,2
ch->yf));,2
.pgm),2
stbi__cleanup_jpeg,2
Chevalier,2
AC,2
(only,2
(stbi_info),2
\transparency,\,2
Fill,2
follow,2
literally,2
global,2
IJG,2
non-gcc,2
regular,2
\(Shader*)resm->getResource("\res/shaders/textured"\);\,2
replace,2
\(Texture*)resm->getResource("\res/textures/mona_lisa.png"\);\,2
(Won,2
\16-bit,\,2
STBI_NO_SIMD,2
symbols,2
sample,2
adding,2
\has,\,2
best,2
*x,2
take,2
resourcesCount);,2
RGB),2
V,2
about,2
reset,2
expansion,2
VK_DELETE),2
PNG),2
sequences,2
16-bit-per-channel,2
x86/x64,2
lots,2
sequence,2
expand,2
butterfly,2
straightforward,2
\resm->prepareResources(resources,\,2
reports,2
children,2
\Finally,\,2
Brown,2
shared,2
(2015-01-17),2
\scan,\,2
Map,2
Make,2
(2016-01-16),2
caused,2
0x09:,2
calling,2
Background,2
Extension,2
my,2
\available,\,2
Shaddow,2
indexes,2
hight,2
\2.0f,\,2
(char)std::toupper(c);,2
columns,2
provide,2
structures,2
1.42,2
verzeichnisse,2
\ch->widthf,\,2
3));,2
compressed,2
\yes,\,2
linefeed,2
len,2
transposes),2
stbi_is_hdr,2
Martin,2
edges,2
resources,2
*',2
ch->heightf));,2
\//"\res/meshs/texture_quad.data"\,\,2
computed,2
codes,2
this:,2
optimal,2
carriage,2
\inclusive,\,2
docs,2
view,2
pointing,2
give,2
PackType,2
far,2
color-based,2
\supported,\,2
(possibly,2
pages,2
template<class,2
ZLIB,2
PGM/PPM,2
\"\only\,2
\"\prev"\\,2
negative,2
courser,2
stack,2
Chun),2
1000,2
\red,\,2
crashes,2
Cornut,2
((Info*)it->info)->weight;,2
etc),2
GL_ONE);,2
*data,2
super-optimized,2
full,2
allocator,2
consistent,2
\"\baseline"\\,2
pixel;,2
On,2
uni->use();,2
Marc,2
2.10,2
mcu..,2
\handling,\,2
won't,2
\version,\,2
),2
body,2
Lauha,2
quite,2
Bibliotecsverzeichnisse,2
MSVC,2
scales,2
recursively,2
much,2
high,2
incorrect,2
determined,2
\(char)a,\,2
mcu's,2
(not,2
uv),2
let's,2
hightRatio,2
dequantizing,2
include,1
f.b;,1
p,1
pen,1
\table,\,1
\specified),\,1
Create,1
single-file,1
1-bit,1
d;,1
/////////////////////////////////////////////////////,1
angular*deltaTime;,1
mutable,1
comment,1
//Get,1
trick,1
it:,1
convertion,1
Text::Text(),1
beyond,1
stbi__errpf,1
p.x;,1
fb,1
leve,1
\JPEG,\,1
Text::createAttribListUniform(std::list<Mesh::Atribute>,1
\"\minimum"\\,1
STBI_NO_BMP,1
\#3,\,1
p),1
GLint>>,1
\Green,\,1
dest,1
dim,1
light-linear,1
17,1
(good,1
Loop,1
however,1
\chunk,\,1
64-entry,1
\grey,\,1
GL_QUADS;,1
\anyway,\,1
STBI_NO_HDR),1
spesific,1
\"\SpartanJ"\\,1
bg,1
promoted,1
\s->uniform("\mvp"\,\,1
de-interlacing,1
-Wall,1
project,1
128,1
to;,1
as-is,1
https://www.opengl.org/wiki/Program_Introspection,1
inserted,1
\stb_zlib,\,1
(16-k),1
\"\shiftop"\\,1
createAttribListUniform(std::list<Mesh::Atribute>,1
repacking,1
Engin,1
stbi_load_from_file,1
/*if,1
y-dimension,1
\sb,\,1
here;,1
wrapping,1
fast_ac,1
seek,1
dimensions,1
app,1
We're,1
packType,1
writes,1
\fg,\,1
run-length,1
c0[odd]*y,1
drawParam->height;,1
lot,1
Omar,1
software,1
naive,1
Woo,1
else:,1
\drawParam->height,\,1
initialized,1
0.95,1
mvp(1.0f);,1
Quad,1
shaddow,1
osx,1
low,1
bmp),1
1<<17,1
projView,1
\Barbiero,\,1
'6',1
priorities:,1
receives,1
spread,1
parameters:,1
\std::advance,\,1
end-user,1
stbi__gif_header,1
c),1
l),1
!STBI_NO_LINEAR,1
svdijk@github,1
non-NEON,1
Android),1
1.0f)));,1
(SSE2),1
characters,1
behavior,1
(jpegs,1
pos.z;,1
compared,1
a0c0e0g0..,1
1.49,1
including),1
history,1
\rather,\,1
on),1
replaces,1
Ruf,1
128),1
consisting,1
Clang,1
(2014-06-03),1
RGB-formatted,1
compiler-friendly,1
conditions,1
unchanged),1
Param,1
user,1
(Softimage,1
bias,1
game,1
trailing,1
buffering,1
suppressed,1
reallocs,1
together,1
1.02,1
\'test',\,1
boring,1
\(Specifically,\,1
\dy(0.0f,\,1
1.49),1
you've,1
smallest,1
is->windowSize.h);,1
0.53,1
\attributes.push_back(Mesh::Atribute(8,\,1
replicated,1
fields,1
0..31,1
invariant,1
sa,1
2|3,1
__cpuid,1
\PNG),\,1
1.14,1
tool,1
pixel:,1
Do,1
&fp->chars[(int)c];,1
Laurent,1
\slow,\,1
processing,1
transparent,1
text.render();,1
1.13,1
demand,1
forward,1
\scaling,\,1
computing,1
socks-the-fox,1
replace(std::string,1
1.47,1
texquad,1
\VTRN.32,\,1
\run-time),\,1
user-friendly,1
MCU),1
user-specified,1
Junggon,1
Richard,1
(2014-07-15),1
\end,\,1
struct-initialization,1
management,1
sentinel,1
testing;,1
http://de.wikipedia.org/wiki/Heapsort,1
\bugs,\,1
dx,1
\B,\,1
tex->use();,1
(as,1
o.x;,1
\x&y"\)\,1
\not,\,1
\Glut\freeglut.dll"\\,1
walk,1
\backwards,\,1
Ulrich's,1
lg,1
wouldn't,1
particleman@mollyrocket,1
de-iphone,1
Matthew,1
adjusted,1
\lr),\,1
JPEG;,1
type.g;,1
cater,1
Primarily,1
Targa,1
\malloc,realloc,free\,1
STREAM:,1
strip,1
G,1
*s),1
machines,1
3->4;,1
tr,1
caracter,1
\-rotation,\,1
currently,1
Improve,1
(i.stbi__err,1
room,1
temps,1
thing,1
Text::DynamicDrawParam::DynamicDrawParam(),1
packed,1
1.28,1
65535,1
times,1
Eingabe,1
static),1
b),1
12,1
note:,1
pos),1
end),1
rid,1
.HDR,1
newer,1
point,1
i.e,1
pixels',1
significantly,1
'1',1
(1/2/4-bit,1
descending,1
transform3,1
header?,1
Next,1
\index,\,1
1.48,1
s.a;,1
platform-native,1
going,1
GL_STREAM_DRAW;,1
psd),1
modes.),1
looks,1
arithmetic,1
\cares,\,1
http://ozviz.wasp.uwa.edu.au/~pbourke/dataformats/softimagepic/,1
stomps,1
std::stringstream,1
\child->resize(x,\,1
support:,1
\Nevertheless,\,1
tex,1
desired,1
s),1
Full,1
Einstellungen:,1
DHT,1
Phil,1
\glm::vec4(0.75f,\,1
(2011-06-11),1
len/nlen,1
quality,1
lets,1
5bits,1
builds,1
aditional,1
\stbi_load(filename,\,1
1.05,1
(2014-06-15),1
local,1
case:,1
0x0A:,1
relying,1
\"\skip"\\,1
(iPhone,1
\Schulz,\,1
STBI_NO_HDR:,1
truncating,1
(reported,1
\loop,\,1
dose,1
happens,1
arrowPos),1
\bb,\,1
\is->windowSize.w,\,1
grayscale,1
included,1
Text::resources[],1
\fw,\,1
pad,1
\valid,\,1
gif),1
using:,1
maximum,1
original,1
addCharUniform(const,1
column/row,1
a0b0c0d0a4b4c4d4,1
CMYK,1
camera.getView();,1
realloc,1
Baldur,1
Grayscale,1
receive_extend,1
Johan,1
did,1
angular;,1
\resm->releaseResources(TestScene::resources,\,1
\(c0,\,1
structure,1
\fb,\,1
Split,1
\0.1,\,1
\untouched,\,1
license:,1
us,1
\s->uniform("\width"\,\,1
minimal,1
LeBlanc,1
features,1
UniformDrawParam,1
massive,1
duplicate,1
constants;,1
shares,1
purposes,1
suite),1
list,1
s16,1
(2014-08-26),1
DRI,1
\byte"\)\,1
THIS,1
waittime,1
\sy,\,1
+-1;,1
std,1
bodyColor;,1
(reads,1
dependencies,1
Ben,1
\p.y,\,1
\tr),\,1
stbi__get_marker(),1
0.93,1
a0e0a1e1..,1
s.r;,1
filling,1
render(float,1
\req_comp=3,4\,1
it--but,1
lengths,1
said,1
Mona,1
non-zigzagged,1
ASM,1
fw,1
http://create.stephan-brumme.com/disclaimer.html,1
Mozeiko,1
PGM:,1
\interpolated,\,1
bmp,1
(this,1
lb,1
Sometimes,1
almost,1
\VTRN.16,\,1
away,1
Text::render(float,1
leave,1
pal_n,1
(local,1
DYNAMIC,1
\"\transparent"\\,1
g++,1
(skips,1
It's,1
//get,1
dot,1
\"\res"\\,1
angularSpeed*deltaTime;,1
glBufferSubData,1
2.0f,1
(Marcin,1
Scalar,1
pal_img_n,1
0.60,1
type.r;,1
\7.0f)*rotation,\,1
mousey),1
upsampled,1
(useless?),1
Text::packUniform(Font*,1
\1<<17,\,1
Matrix,1
(incl,1
generating,1
\x),\,1
locals,1
\"\-mstackrealign"\\,1
explicitly):,1
mona->tbo);,1
\zeroes,\,1
-127,1
(David,1
deviating,1
sizes,1
priority,1
Define,1
stbi_set_unpremultiply_on_load(1),1
Outline,1
MSVC-only,1
\brief,\,1
24-bit,1
Christopher,1
non-JFIF-compliant,1
accidental,1
coordinate,1
partially,1
casts,1
Sergio,1
(and,1
Dump,1
Michaelangel007@github,1
wasPacked(false),1
1<<12;,1
stbi__jpeg_reset,1
1.04,1
(note,1
feel,1
STATIC,1
Remove,1
(nguillemot),1
irrevocable,1
Copyright,1
converted,1
John,1
\(Red,\,1
Manap,1
Valid,1
\LDR,\,1
fg,1
Verigakis,1
n==3,1
sx,1
standard,1
(don't,1
\whatever,\,1
\"\first"\\,1
\attributes.push_back(Mesh::Atribute(4,\,1
\vertically,\,1
(colorkey-style,1
Wikipedia,1
STBI_NO_PIC,1
\sx,\,1
data's,1
'req_comp',1
encoded,1
bizarre,1
land;,1
16-byte,1
l.b;,1
x;,1
c0g0c1g1..,1
1.21,1
v[i].setBcol(drawParam->backColor);,1
uniform,1
ability,1
jump,1
\32-bit,\,1
stbi_hdr_to_ldr_scale(1.0f);,1
\possible,\,1
\only,\,1
override;,1
\temps,\,1
s.g;,1
(disable,1
interleaving,1
N=#comp,1
STATIC:,1
\setPreferedDimention(glm::ivec2(640,\,1
RGB(A),1
\fr),\,1
packDynamic(Font*,1
PPM,1
Du,1
moved,1
respective,1
\STBI_NO_STDIO,\,1
\A,\,1
high-dynamic-range,1
in.length;,1
ACs,1
Text::packDynamic(Font*,1
@OPTIMIZE,1
specify,1
sr,1
aspect);,1
cast-to-stbi_uc,1
AoS,1
Philosophy,1
stirip,1
comments/error,1
later:,1
Unlike,1
installing,1
STBI_ONLY_PNM,1
left-shift,1
\-1.0f,\,1
Y,1
Graphic,1
stbi__bmp_load(),1
highest,1
\glm::ivec2(std::min(prefDim.x,\,1
(U+017D)emva),1
Framerate,1
step=3,1
in[i],1
fraction,1
sca,1
mismatches,1
weightSum)*w);,1
~Text();,1
mouse_y,1
std::iterator_traits,1
Stephan,1
stbi__errpuc,1
\s,\,1
reader,1
.pgm;,1
\tr,\,1
interface;,1
\Glut\glew-1.11.0\lib"\\,1
\glm::scale(mvp,\,1
p.y;,1
9060,1
\set,\,1
depth,1
\Glut\glew32.dll"\\,1
\happen,\,1
Daniel,1
header-file-only,1
Arrows,1
Mouse,1
page,1
//Draw,1
big-endian,1
stbi_failure_reason(),1
(2010-07-10),1
George,1
pixels;,1
convert-to-rgb,1
weird,1
\glm::scale(m,\,1
\subset,\,1
written,1
here's,1
alon,1
fp,1
\output,\,1
format:,1
packets,1
across,1
x_size,1
Ryamond,1
(vertical,1
\glViewport(0,\,1
demands,1
(1,1
\glm::translate(glm::mat4(1.0f),\,1
'5',1
handled,1
\left,\,1
directly;,1
32-bits,1
devices,1
0x08:,1
bubble,1
createAttribListDynamic(attributes);,1
bit-per-component),1
enable,1
std::iter_swap,1
useful,1
sg,1
\Glut\freeglut\include"\\,1
pixelCount,1
Mayby,1
setBackgroundColor(const,1
coresponding,1
warranty,1
middle,1
\"\res/shaders/uniformColor"\,\,1
GIFs,1
interpolation,1
\prefixes,\,1
over,1
\-hightRatio*ch->yoffsetf,\,1
advance-by-r,1
0.90,1
8/16,1
\"\eof"\\,1
glm::ivec2,1
text;,1
packaged,1
Gomila,1
(stbi_loader),1
(can,1
setOutlineColor(const,1
row-major,1
(It's,1
non-RLE,1
Unget,1
preshift,1
stbi__g_failure_reason,1
//TODO:,1
Reuille,1
\result,\,1
\allocator,\,1
16->8,1
THREADSAFE,1
\long"\)\,1
iOS,1
Mesh,1
DCT_ISLOW,1
(composited,1
search,1
lines,1
arrowPos;,1
IDATs,1
integrated,1
fgetc(),1
TestScene::resourceCount,1
10%,1
ESP,1
pos.x;,1
choose,1
setPackType(STATIC);,1
\libraries,\,1
luminance,1
Jansson,1
creep,1
short,1
(float)scaleH;,1
Endloop,1
\approach,\,1
annoying,1
They,1
containing,1
Quads,1
filters,1
pos.y;,1
1.44,1
mathematical,1
plenty,1
bogus,1
right-side,1
1.17,1
v[0].setPos(courser);,1
font->getFontPart(drawParam->type);,1
upgrade,1
skipped,1
\height,\,1
ch,1
APP,1
\that,\,1
-128..127,1
lr,1
Maybe,1
preserve,1
tga_bits_per_pixel,1
SIMD.),1
upsample,1
thats,1
near-term,1
*left,1
\alignment,\,1
16-bpc,1
\maintain"\)\,1
);,1
folders,1
\releaces,\,1
la;,1
top-left-most,1
block--see,1
you'll,1
1.08,1
unpacked,1
properly,1
b.r;,1
post-convert,1
Brumme,1
per-line,1
data.push_back(v[i]);,1
\"\AnimatedComponnent.h"\\,1
search&replace,1
\63,\,1
http://softimage.wiki.softimage.com/index.php/INFO:_PIC_file_format,1
intent,1
Repeated,1
(Ben,1
chnl,1
even/odd,1
'unsigned,1
1.16,1
1.15,1
\files,\,1
matrix,1
FONT_TYPE,1
events,1
6|7:,1
\story,\,1
\fw),\,1
Control,1
scalar,1
Lab,1
la,1
dc,1
eof,1
distribute,1
decodes,1
\11.0f)*rotation,\,1
\"\InterpolationFuncs.h"\\,1
\monochrome,\,1
std::map,1
empty,1
\glm::vec3(0.25f,\,1
future,1
record,1
end;,1
mspaint,1
Hamada,1
refix,1
total,1
1.26,1
\Ulrich,\,1
mouse_*_up,1
\lb,\,1
malloc/realloc),1
do-it-yourself,1
groups,1
\4,8,16,24,32-bit\,1
PSD),1
GCC-style,1
s=0,1
1.22,1
RLE-encoded,1
resource,1
std::list<Mesh::Atribute>,1
Indexed,1
opaque,1
zigzag,1
resourcesCount;,1
...),1
(define,1
8bit,1
compile-time,1
tiny,1
alpha-bit,1
'size',1
TGA),1
\100.0f),\,1
toggled,1
There,1
setPoosition(const,1
amt,1
poorly,1
operator+(),1
non-clear,1
2x,1
splitting,1
pari,1
stbi_hdr_to_ldr_gamma(2.2f);,1
Nathan,1
sb,1
\verticalLayout->add(tsBlue,\,1
arise,1
\addCharDynamic(*it,\,1
\0.5f,\,1
PIC),1
synthetic,1
Gonzalez,1
\SCAN_header,\,1
(you,1
(tga),1
'A':,1
heap's,1
somethings,1
cleanup;,1
http://nothings.org/stb_image.h,1
\below,\,1
all_a,1
8/4/2,1
inverse,1
warnings:,1
r,1
d);,1
\0xff,\,1
r=15,1
translate,1
Hanninen,1
huffman;,1
\glm::vec3(0.1f,\,1
1.30,1
\stbi_load_from_file,\,1
algorithms,1
\sr,\,1
STBI_NO_GIF,1
\modify,\,1
-O3,1
\br,\,1
\glm::translate(m,\,1
\y"\\,1
subdivide,1
(bad,1
2013-2014,1
rootScene->getPreferedDimention();,1
setTypeScalar(const,1
1.24,1
STBI_ONLY_HDR,1
nonzero,1
\library,\,1
SpartanJ,1
Tero,1
\decode,\,1
routines,1
Progressive,1
colorsused,1
messed,1
\documented,\,1
normal,1
STBI_ONLY_PNG,1
failing,1
*filename);,1
elems=y,1
2.2,1
block--,1
befor,1
a0b0c0d0e0f0g0h0,1
trivially,1
jidctint,1
(2014-08-07),1
\resm->prepareResources(TestScene::resources,\,1
pass1_x[12],1
shaddowColor;,1
(left,1
stores,1
means,1
0.55,1
Roy,1
LICENSE,1
\0),\,1
container,1
\glm::translate(mvp,\,1
folder,1
\appropriate"\\,1
Moore's,1
(2014-06-04),1
VERY,1
test/load,1
thanks,1
STBI_ONLY_GIF,1
Pure,1
4-channel),1
0.99,1
\"\stb_image.h"\\,1
\arrowPos.push_back(glm::vec2(fx,\,1
STBI_NO_LINEAR:,1
uniforms;,1
preceeded,1
(more,1
\br),\,1
_ONLY_,1
passed,1
obey,1
hence,1
speedups,1
v2.12,1
element),1
direct,1
fetch,1
\glew32.lib"\\,1
refine,1
\sr),\,1
originally,1
15;,1
Button,1
255;,1
STBI_rgb,1
changes,1
ignored,1
Multibyte-Zeichensatz-Verwenden,1
per-pixel,1
33);,1
buffers,1
\"\scan"\\,1
`ratio',1
Mesia,1
practice,1
ahead,1
(Pair.first),1
type.a;,1
8),1
1.11,1
pttoe(PackType,1
backgroundColor,1
feal,1
\line,\,1
x64,1
blow),1
\colormap,\,1
target,1
(-1<<n),1
ss;,1
(just,1
next),1
bpc,1
shader,1
tell,1
Folder,1
\performance"\\,1
veriables,1
weightSum)*spreadHight);,1
increments,1
STB,1
per-component,1
Raw,1
\default,\,1
happy..,1
trigger,1
drawParamPtr,1
preferably,1
simplify,1
Bitmap,1
loops,1
1/2/4/8-bit-per-channel,1
Duotone,1
h);,1
Fix,1
neither,1
difference,1
query,1
\these,\,1
frame),1
elsewhere,1
\fr,\,1
stbi_info,1
2));,1
\safe,\,1
http://gist.github.com/urraka/685d9a6340b26b830d49,1
\glm::vec4(0.8f,\,1
format-conversion,1
example),1
STBI_ONLY_PSD,1
mutex,1
simply,1
color-convert,1
flag:,1
optimizations,1
setTextureUV(const,1
\JPG,\,1
oversized,1
zlib-style,1
So,1
16bit),1
intefere,1
Small,1
(subset,1
dangerous,1
Revision,1
sets,1
win,1
Get,1
1.39,1
*one*,1
made,1
\w,\,1
urraka@github,1
custom,1
code.),1
https://github.com/nothings/stb/issues/81,1
\PIC,\,1
setShaddowColor(const,1
Woo),1
\"\8BPS"\\,1
1.12,1
`fields',1
Photoshop,1
brief,1
RenderType,1
\dosen't,\,1
IDCTing,1
\(Mesh*)resm->getResource("\res/meshs/cross.data"\);\,1
gamma,1
Please,1
\here,\,1
(in[i],1
(pic),1
(12,1
1101,1
12-bit-per-channel,1
\glm::vec3(0.45,\,1
STBI_NO_FAILURE_STRINGS,1
Thomson,1
Miller),1
\z,\,1
\//glBlendFunc(GL_SRC_COLOR,\,1
glBufferData,1
setUp,1
says,1
QUICK,1
\tg,\,1
.PSD,1
(PNM,1
0.7f));,1
\arbitrarily,\,1
Possibly,1
fails,1
fa;,1
Shader,1
descriptor,1
(2014-06-25),1
3%,1
bit-per-channel),1
recover,1
1.09,1
pretty,1
sizeof(Text::resources),1
?!?!,1
Luke,1
flip,1
view;,1
released,1
Christpher,1
Truevision,1
affect,1
Martins,1
ResourceManager::replace(std::string,1
No-op,1
1.23,1
array,1
probably,1
(2010-07-24),1
file;,1
whichever,1
\Extensions,\,1
(Note,1
std::move,1
My,1
figure,1
\enough,\,1
RGB-format,1
packs,1
free(out),1
0.56,1
seemingly,1
\x"\\,1
blank,1
std::vector<glm::vec2>,1
Stratton,1
\"\none"\\,1
render(),1
likly,1
Graham,1
c++17,1
Duparc,1
Algemain,1
Karlsson,1
1<<2,1
setBodyEdges(const,1
k,1
(#define,1
%,1
\G,\,1
zero,1
\*x,\,1
(formats,1
text.init();,1
480));,1
overshoot,1
bilinearly,1
outlineColor,1
11,1
\VSWP,\,1
share,1
\reason,\,1
STBI_ONLY_PIC,1
wasPacked;,1
converter,1
//glEnable(GL_BLEND);,1
itself,1
1.20,1
-std=c++11,1
\attributes.push_back(Mesh::Atribute(5,\,1
side,1
angularSpeed;,1
/////////////////////////////////////////////,1
'stbi_uc',1
(io,1
*writing*,1
ovor,1
1<<31,1
STBI_NO_PNM,1
\1<<12,\,1
tweaked,1
tried,1
sqrt(8),1
c++,1
a0a1a2a3...a7b0b1b2b3...b7,1
\glm::vec3(hightRatio*ch->xoffsetf,\,1
PRIMARY,1
sizeof(DynamicVertex));,1
depreciated,1
detect,1
Limitations:,1
\loss,\,1
\ok,\,1
contains,1
As,1
l.g;,1
skips,1
\filename,\,1
hitting,1
\"\DOCUMENTATION"\\,1
\IDCT,\,1
(found,1
statically,1
\//"\res/meshs/cross.data"\,\,1
\cr,\,1
type);,1
format-specific,1
2-byte,1
failed,1
dictionary,1
\glm::vec3(p.x,\,1
GL_ONE_MINUS_SRC_COLOR);,1
\100.0f,\,1
24bit,1
\loading,\,1
flip),1
break,1
\size,\,1
//upload,1
instructions,1
r/g/b/a,1
Chun,1
expects,1
saw,1
streaming,1
constant:,1
little,1
seems,1
E.g,1
ldexp,1
l.a;,1
feof(),1
needing,1
transparency,1
\critical,\,1
glUniform*,1
rarly,1
1.37,1
seen,1
defaults,1
developers,1
drain,1
differently,1
back-compatibility,1
19.0f;,1
recurse,1
6,1
assert(),1
b.a;,1
rows,1
setTexxtureUV(const,1
jerks,1
1.00,1
\(pgm,\,1
unpremultiplication,1
1;,1
\"\format"\\,1
pass1_x[5],1
3.0,1
discussion,1
container.end());,1
Transform2,1
STBI_MINGW_ENABLE_SSE2,1
#defining,1
-n,1
Wenger,1
\row,\,1
masks,1
interlaced:,1
dx);,1
n),1
emphasize,1
\(R,\,1
f.a;,1
4.8+,1
\element,\,1
lock-heavy,1
\(note,\,1
\message,\,1
mayby,1
half,1
apart,1
texturedShader,1
By,1
immediately,1
termination,1
s->img_buffer,1
shaddowColor,1
STBI_ASSERT,1
0.61,1
Aurelien,1
Cass,1
preset,1
clamp,1
br,1
\bail,\,1
secondary,1
(should...),1
GPU,1
renderMap[stage.mode],1
nothing,1
\type,\,1
ss,1
operator<<(const,1
key,1
\bg,\,1
saves,1
dim.y));,1
didn't,1
(mouse.isInside,1
texturedQuad->render();,1
DOCUMENTATION,1
(Interpret,1
tga_inverted,1
boundaries),1
\"\most\,1
\context,\,1
\s->uniform("\edge"\,\,1
\GIF,\,1
clearly,1
power,1
bytes),1
setOutlineEdge(const,1
guess,1
undefined,1
#1,1
Geometry,1
advance;,1
\byte,\,1
_CRT_SECURE_NO_WARNINGS,1
2:,1
granted,1
sizeof(DynamicVertex);,1
entirely,1
\("\easy\,1
Usually,1
\palette,\,1
TODO,1
\two,\,1
flush,1
\center(0.0f,\,1
\sw,\,1
largest),1
PSD;,1
resolved,1
free(),1
combine,1
v[2].setUV(glm::vec2(ch->xf,1
DQT,1
priorities,1
0.58,1
completely,1
\x,y,n;\,1
David,1
(radiance,1
l.r;,1
convinced,1
choice,1
encode,1
_inverse_,1
cinfo,1
'0',1
\(hdr,\,1
1.45,1
c1[even]*x,1
transparency),1
b.b;,1
de-zigzag,1
\offset(0.0f,\,1
past,1
left),1
delta,1
DLLs,1
phases,1
v[3].setPos(courser,1
\"\read"\\,1
Latest,1
-mstackrealign,1
v[i].setFcol(drawParam->frontColor);,1
meet,1
v[2].setPos(courser,1
-n+1,1
Initialize,1
\le,\,1
usage;,1
Guillemot,1
Distnace,1
default:,1
RLE-compressed,1
standpoint,1
\(int)GetSystemMetrics(SM_CXSCREEN)),\,1
interface:,1
\however,\,1
\x86,\,1
1<<30,1
jpg,1
STBI_ONLY_BMP,1
1.5f*(float)x,1
values:,1
release,1
P3),1
Moodline,1
\attributes,\,1
backwards,1
++it),1
stbi__err,1
1.01,1
__MINGW32__,1
Exponent,1
Standard,1
everywhere;,1
addCharDynamic(const,1
romigrou@github,1
a0b0c0d0..,1
\otherwise,\,1
restart_interal,1
\stbi_loadf(filename,\,1
strings,1
img_len,1
FILE,1
appear,1
ba;,1
stbi__tga_load(),1
SHOULD,1
click,1
iphone-formatted,1
\channel,\,1
allocation,1
\stbi__resample_row_generic(),\,1
MSVC-ARM,1
\forward-compatible,\,1
\"\freeglut.lib;\,1
\getTextModel()->setTexturePtr(FULL,\,1
stbi_image_free,1
\gross,\,1
below.),1
UniformVertex,1
lookup,1
generated,1
advance,1
(psd),1
bring,1
\'extend',\,1
\encoded,\,1
I'll,1
\BMP,\,1
colortype,1
\glm::scale(glm::mat4(1.0f),\,1
0x1B:,1
v0.2,1
shrinked,1
bias[n],1
remember,1
everything's,1
\attributes.push_back(Mesh::Atribute(6,\,1
syntax,1
(at,1
lickly,1
STBI_NO_TGA,1
behind,1
bullet,1
http://fileformats.archiveteam.org/wiki/JPEG#Color_format),1
linked-list,1
\*y,\,1
Methodes,1
not-accelerated,1
NOTES:,1
cmf,1
ta,1
\interface,\,1
effective,1
encoding,1
(2014-07-09),1
lonesock;,1
fall-back,1
\Glut\freeglut\lib"\\,1
65536,1
1.33,1
\bias,\,1
le,1
\v[0].setUV(glm::vec2(ch->xf,\,1
0.50,1
Pixel,1
assumption,1
proper,1
'1'..'4',1
(char)a,1
\"\moose2000"\\,1
stop_file(stbi__context,1
STBI_SUPPORT_ZLIB,1
verbose,1
usage):,1
ViewerTest::resourceCount,1
intended,1
eh,1
y_size,1
(Raymond,1
Optimizations,1
\general,\,1
9,1
Ignoer,1
x);,1
Roszkowski,1
http://www.virtualdub.org/blog/pivot/entry.php?id=363,1
callback-based,1
0-byte,1
1.40,1
\0.1f,\,1
RGBE,1
nlen,1
coding,1
outlineColor;,1
STBI_SSE2,1
\values,\,1
1.5f*(float)y,1
pick,1
post-deflated,1
int.),1
\Legal,\,1
0.54,1
\eventQueue.push(Event(Event::EventType::SIZE_CHANGE,\,1
MSbits,1
non,1
\parameter,\,1
p.z;,1
weight,1
ss.str();,1
\RGB16,\,1
1.19,1
algorithm,1
multiples,1
stack;,1
1-bit-per-pixel,1
\attributes.push_back(Mesh::Atribute(2,\,1
1.18,1
bpc/arithmetic,1
8:,1
unnecessary,1
(gif),1
\"\as-is"\\,1
Ciura),1
1.34,1
\again,\,1
GL_STATIC_DRAW;,1
sizeof(v),1
Here,1
Text::createAttribListDynamic(std::list<Mesh::Atribute>,1
field,1
(2010-07-17),1
\tb,\,1
mouse_rotation,1
stbi_image_free(data),1
\projView*glm::scale(glm::mat4(1.0f),\,1
via,1
C++11,1
private:,1
\generation,\,1
compile,1
license,1
0x0D:,1
chunk,1
(=,1
(linear),1
are:,1
jon,1
vs,1
v[1].setPos(courser,1
Jerry,1
STBI_NO_JPEG,1
pending,1
\far,\,1
Call,1
Saito,1
continue,1
Add,1
8-bit),1
true;,1
(PPM,1
\RGB,\,1
\weirdly,\,1
\"\increment"\\,1
boundary,1
=========================,1
clean,1
ba,1
Animated,1
\"\image\,1
Body,1
\you,\,1
ch->xadvancef,1
1.41,1
cb,1
Barbiero,1
(2011-06-20),1
(*comp,1
http://netpbm.sourceforge.net/doc/pgm.html,1
\0.45,\,1
shaddowParam;,1
BGR,1
#7,1
1.5x,1
--pos,1
o.y;,1
forum,1
extends,1
table;,1
1.10,1
items,1
\"\first"\,\,1
qoutes,1
threading,1
etc,1
file/data,1
d4;,1
byte;,1
order[],1
s.size());,1
jfif-centered,1
'void,1
translucent.,1
of),1
nearest-neighbor,1
(16,1
(across,1
Support,1
4|5,1
9:,1
\Glut\glew-1.11.0\include"\\,1
\Alpha,\,1
options,1
\d2,\,1
compression,1
snagar@github,1
lib),1
STBI_ASSERT(x),1
Bartholomew,1
comments),1
1.43,1
\gifs,\,1
\decoding,\,1
Mixed,1
attributes,1
decent,1
se;,1
subset),1
dynamic,1
stbi__pngchunk,1
indicate,1
reach,1
bail,1
Run,1
relative,1
filename,1
'firstcode',1
\sample,\,1
fy,1
\"\previous"\\,1
may,1
reconfigured,1
\elems=x,\,1
\blocks,\,1
\sources,\,1
(also,1
\perpetual,\,1
c1[odd]*y,1
Seach,1
\"\res/fonts/georgia.fnt"\,\,1
se,1
filetypes,1
\textures,\,1
d),1
1.31,1
P2,1
notate,1
bit-packed,1
approach,1
stbi__tga_test(),1
1x1,1
\"\res/shaders/text"\,\,1
\non-1bpp,\,1
-len+1,1
v[i].setType(fp->scalar);,1
setShaddowEdges(const,1
inefficiency,1
sort.cpp,1
annd,1
\"\compare"\\,1
v;,1
independant,1
entropy-coded,1
flat,1
VC6,1
*comp',1
(std::string::iterator,1
\attributes.push_back(Mesh::Atribute(7,\,1
An,1
\1<<3,\,1
rights,1
v[4];,1
(copying,1
grisha),1
depalettized,1
mesh->render();,1
\"\Philosophy"\\,1
obtain,1
//leaving,1
\lr,\,1
STBI_FAILURE_USERMSG,1
texturedShader->use();,1
(The,1
JPGs,1
variables!),1
ppm),1
\sx),\,1
projView*m);,1
'int,1
\no,\,1
cases;,1
paletted,1
overhead,1
1.29,1
\rotation(0.0f),\,1
subsystems,1
v0.10,1
warning-fixes,1
\dim.x,\,1
(char)c;,1
turns,1
\((Font*)resm->getResource("\res/fonts/georgia.fnt"\))->texture);\,1
16ms,1
c);,1
approx,1
+-1,1
processed,1
Ulrich,1
Thomas,1
\store,\,1
1.0,1
i'm,1
(NEON),1
out(0),1
certain,1
Eltham,1
PNGS;,1
integration,1
\API,\,1
restart_interval,1
major,1
interest,1
sscanf(),1
\yep,\,1
LDR,1
guarante,1
bitstream,1
IP,1
STBI_ONLY_TGA,1
Text::pack(),1
type-specific,1
1D,1
\Therefore,\,1
respectively,1
\png,\,1
sizeof(TestScene::resources),1
DynamicDrawParam();,1
0.52,1
std::less,1
leyout,1
somehting,1
fixing,1
3:,1
\words,\,1
d*,1
destination,1
\tex->uniform("\mvp"\,\,1
bump,1
verticalLayout->remove(tsBlue);,1
\"\PairAnimator.h"\\,1
Ferrer,1
\fixes,\,1
ryg),1
Contributors,1
TGAs,1
memory-decode,1
mousex);,1
bmps..,1
Blow,1
setLocations(attributes);,1
packType;,1
improve,1
mona->bind(GL_TEXTURE_2D);,1
fast-way,1
\aligned,\,1
queried,1
stb),1
\"\mid"\)\,1
DrawParam*,1
SSE2/NEON,1
tga_alpha_bits,1
\maintain"\,\,1
\coefficient,\,1
paths,1
backgroundColor;,1
\requests,\,1
SOS,1
edges;,1
Text::addCharDynamic(const,1
\operator,\,1
Text::operator<<(const,1
(smaller,1
SOF),1
\advance(1.0f,\,1
PNG-extensions,1
//////////////////////////////////////////////////////////,1
is-hdr-or-not,1
\blue,\,1
matching,1
ABI,1
fy));,1
Unused,1
globals,1
1.38,1
definition,1
higher,1
calculated,1
drawParam;,1
angularSpeed(M_PI/3000.0f),1
generically,1
Microsoft's,1
several,1
stumble,1
expecting:,1
long,1
being,1
JPEG/JFIF,1
corresponding,1
SSE,1
\UNIFORM,\,1
STBI_HEADER_FILE_ONLY,1
Blazej,1
@TODO:,1
only),1
PPM:,1
\huffman,\,1
#3,1
historically,1
Common,1
(Ken,1
z;,1
Text::resourcesCount,1
init(),1
order:,1
descale,1
resampling,1
mind,1
children),1
interpreted,1
Gregan,1
re-adjust,1
0.5f);,1
\//std::map<GLint,\,1
community,1
\sg,\,1
1.03,1
\&mode,\,1
1.46,1
mcu,1
sort.h,1
\right,\,1
working,1
\dx(drawParam->height*ch->aspectf,\,1
Find,1
output;,1
0.94,1
\container.end(),\,1
Zeichensatz,1
ch->heightf,1
Fixes,1
\new,\,1
appropriately),1
\buffer,\,1
\source,\,1
\flags,\,1
variant,1
reduced-precision,1
cinfo)..,1
front,1
*this;,1
idea,1
markers,1
chars,1
But,1
sizeof(ViewerTest::resources),1
files;,1
truncate,1
MessageBoxes,1
ASCII,1
start_xxx,1
dual-licensed,1
Gray,1
(although,1
To,1
a4b4c4d4..,1
s.begin();,1
Nick,1
(2008-08-02),1
\settings,\,1
numv,1
channel.),1
mrp;,1
necessary,1
(2014-08-16),1
line);,1
product,1
matte,1
rightmost,1
axis,1
\glm::vec4(-1.0f,\,1
pixel--one,1
\all,\,1
\targets,\,1
blue,1
bb,1
Abhänighkeiten,1
dynamically,1
cached,1
Resource,1
limitations:,1
endian,1
remaining,1
3-component,1
fr,1
(unknown),1
requiring,1
Everitt,1
#defines,1
Load,1
quote,1
APIs,1
Guillaume,1
1.0f,1
alpha=255,1
c0[even]*x,1
delayed,1
STBI_NO_PSD,1
fe,1
Type,1
(2010-07-12),1
often,1
Moore,1
stbi_ldr_to_hdr_gamma(2.2f);,1
\1-component,\,1
Text();,1
sloppy,1
1st,1
cleanup,1
Text::render(),1
floating,1
simplicity;,1
0.5,1
align,1
16-bit-per-pixel,1
constructed,1
\3.0f)*rotation,\,1
Text::pttoe(PackType,1
\malloced,\,1
Kamera,1
Won,1
setBodyColor(const,1
attributes;,1
Wenger),1
1.06,1
1.35,1
\arrowPos(15),\,1
\stb_image,\,1
(int)GetSystemMetrics(SM_CYSCREEN)));,1
myless());,1
counting,1
conceptually,1
>>,1
defined,1
\"\C:\A\C_Programme\glm\glm"\\,1
0.1);,1
(animated,1
(but,1
\glm::vec3(2.0f,\,1
\v[3].setUV(glm::vec2(ch->xf,\,1
hres,1
mape,1
bodyColor,1
\order,\,1
explicitly;,1
\so,\,1
\("\only\,1
tg,1
Microsoft/Windows,1
0.51,1
_would_,1
\std::map<std::string,\,1
emphasized,1
Cichon,1
canonical,1
appropriate,1
bugs,1
`pad',1
Bois,1
o),1
Added,1
shadow,1
noop,1
stbi_ldr_to_hdr_scale(1.0f);,1
vector,1
followed,1
data),1
claim,1
\-msse2,\,1
-o,1
structurally,1
\copy,\,1
dragging,1
a0b0a2b2a4b4a6b6,1
iter,1
iMCU,1
inner,1
Paletted,1
\Also,\,1
shouldn't,1
\paths,\,1
(reports,1
'B':,1
And,1
1-pixel-wide,1
falls,1
pass1_x[4],1
Bug,1
Michal,1
non-empty,1
high-quality,1
ViewerTest::resources[],1
mouseButtonPressed[3];,1
command,1
preferred,1
accomidate,1
feature;,1
>9,1
0.92,1
pseudo,1
x86/ARM,1
non-easy,1
Horde3D,1
type.b;,1
individual,1
255s,1
spacing,1
b.g;,1
quantization,1
f),1
out(1),1
or'ing,1
portable,1
report,1
Linker,1
range:,1
non-rounding,1
\"\info"\\,1
(2014-06-06),1
very,1
send,1
coefficients,1
zlib-from-memory,1
GL_DST_COLOR);,1
native,1
parity,1
#ifdef,1
(type),1
-1,1
Gibson,1
\//"\res/shaders/uniformColor"\,\,1
stbi__clamp,1
op,1
Joseph,1
mmx/sse,1
'skip',1
\STREAM,\,1
0.59,1
stbi_is_hdr(char,1
(always,1
1.07,1
comparisons,1
\"\good\,1
\interleave,\,1
0.97,1
code_buffer,1
Kim,1
With,1
Dariusz,1
non-spec,1
they're,1
test;,1
setPosition(const,1
uniforms,1
memset(,1
floats,1
setPackType(PackType,1
\std::min(prefDim.x,\,1
\LeBlanc,\,1
prediction,1
7:,1
\attributes.push_back(Mesh::Atribute(0,\,1
eventually,1
Meassure,1
s.b;,1
risk,1
unspecified,1
d3;,1
0.57,1
\(whoops,\,1
sw,1
position;,1
Basic,1
implement,1
put,1
(2011-07-13),1
precessing,1
optimized,1
createAttribListDynamic(std::list<Mesh::Atribute>,1
stbi__idct_block,1
Jordan,1
less-easy-to-use,1
rendering,1
vertically,1
\instruction,\,1
\fe,\,1
unchanged,1
(This,1
Neon,1
stock,1
implied;,1
details),1
dequantize,1
\"\unsigned\,1
data(4,1
\Mesh::uploadData<DynamicVertex>(data,\,1
supported),1
height;,1
Descriptor,1
\it,\,1
rather,1
Hayaki,1
(generic),1
JPEGs.),1
0.65);,1
thread-local,1
photoshop,1
exactly,1
0.98,1
having,1
second,1
\(resolution,\,1
uni,1
Aruelien,1
std::sort,1
parallel,1
worked,1
(untested),1
false;,1
ptrdiff_t,1
biases,1
Oriol,1
FONT_STD;,1
(2010-08-16),1
(mmozeiko),1
m(1.0f);,1
&drawParam;,1
Comment,1
f.r;,1
neighbors,1
\PIC,PNM,HDR,TGA\,1
\out,\,1
Reed,1
1.25,1
\drawParamPtr,\,1
\true,\,1
changed,1
remapped,1
STBI_ONLY_JPEG,1
'receive',1
smarter,1
setShaddowOffset(const,1
'data',1
non-paletted,1
STBI,1
testing,1
ugly,1
x86),1
fx,1
\attributes.push_back(Mesh::Atribute(3,\,1
\STBI_JPEG_OLD,\,1
GL_ELEMENT_ARRAY_BUFFER,1
validate,1
overflow,1
\NULL,\,1
*comp=4,1
Compilation,1
packUniform(Font*,1
Paul,1
\Additionally,\,1
color-swapped,1
\16,\,1
think,1
b0d0f0h0..,1
(2006-11-19),1
\stbi_convert_iphone_png_to_rgb(0),\,1
(affects,1
format),1
Text::~Text(),1
\restart,\,1
coded,1
\(jpeg,\,1
faster,1
\"\easy\,1
(1|2|3|4|5|6|7)==0,1
\"\Disch"\\,1
\lg,\,1
callbacks),1
simultaneously,1
Font::FontPart::Character*,1
(2014-05-27),1
ta;,1
shaddowParam,1
\down,\,1
16x16,1
changes),1
satisfactory,1
NOTE:,1
texturedQuad,1
sizeof,1
Mitton,1
WeightedLayout::Info());,1
nasty,1
(full,1
Resources,1
feedback,1
help,1
ever,1
\publish,\,1
brings,1
nobody,1
decompress/filter,1
consistency,1
d,1
\setValue(renderModeMap,\,1
pointed,1
typedef,1
STBI_INCLUDE_STB_IMAGE_H,1
aka,1
(8,1
\u),\,1
'firstsymbol',1
texquad->render();,1
vrshrn_n_s32,1
\Blue,\,1
STBI_NOTUSED,1
ID,1
d1;,1
IJG's,1
Edges,1
rgbE,1
issue,1
documentation,1
above:,1
'slow',1
.TIFF,1
Cort,1
Multichannel,1
stbi_image,1
\v,\,1
'test',1
n+1,1
locate,1
tables,1
(2011-07-14),1
extremely,1
.ppm,1
notes:,1
upfront,1
\not),\,1
============================,1
Zusätzliche,1
namespace,1
lowest,1
MSB,1
\glm::vec3(getMouseGl(),\,1
streams,1
1.27,1
s.end();,1
http://netpbm.sourceforge.net/doc/ppm.html,1
Thibault,1
\glm::vec3(1.0f,\,1
horizontally,1
so:,1
STBI__X64_TARGET,1
\attributes.push_back(Mesh::Atribute(1,\,1
unfriendly,1
ensured,1
len+1,1
0.1f;,1
typical,1
Font::FontPart*,1
Includeverzeichnisse:,1
vres,1
exitting,1
(See,1
fa,1
TestScene::resources[],1
(2014-06-22),1
sa;,1
(Omar,1
rewinding,1
creating,1
0.91,1
simplified/shrunk,1
v[1].setUV(glm::vec2(ch->xf,1
1.32,1
sy,1
tb,1
reasons,1
defaulting,1
0.96,1
problematic,1
replacing,1
while,1
incorrectly-named,1
inheritance,1
4.8,1
\interval,\,1
fields),1
4:,1
[8^(,1
qualifiers,1
Some,1
primative,1
f.g;,1
