File,Function,LOC,SLOC-P,SLOC-L,MVG,BLOC,C&SLOC,CLOC,CWORD
C:\A\C_Programme\VC++\Win32Project1\Win32Project1\Application.cpp,Application::sceneHandler(LPVOID lpParam),40,27,24,4,13,0,0,0,
C:\A\C_Programme\VC++\Win32Project1\Win32Project1\Application.cpp,Application::setPixleFormatStruct(HWND hWnd),19,15,15,3,4,0,0,0,
C:\A\C_Programme\VC++\Win32Project1\Win32Project1\Application.cpp,"Application::releaseWgl(HWND hWnd, HDC hDC, HGLRC hRC)",6,6,5,1,0,1,0,13,
C:\A\C_Programme\VC++\Win32Project1\Win32Project1\Application.cpp,Application::registerWindowClass(HINSTANCE hInstance),16,15,5,1,1,0,0,0,
C:\A\C_Programme\VC++\Win32Project1\Win32Project1\Application.cpp,"Application::createWindow(glm::ivec2 dim, HINSTANCE hInstance)",9,8,3,1,1,0,0,0,
C:\A\C_Programme\VC++\Win32Project1\Win32Project1\Application.cpp,"Application::getThisPtr(HWND hWnd, UINT Msg, LPARAM lParam)",19,15,10,5,4,0,0,0,
C:\A\C_Programme\VC++\Win32Project1\Win32Project1\Application.cpp,"Application::WndProc(HWND hWnd, UINT Msg, WPARAM wParam, LPARAM lParam)",81,74,47,21,7,1,0,10,
C:\A\C_Programme\VC++\Win32Project1\Win32Project1\Application.cpp,Application::allocateMemory(),2,2,2,0,0,0,0,0,
C:\A\C_Programme\VC++\Win32Project1\Win32Project1\Application.cpp,Application::deleteMemory(),2,2,2,0,0,0,0,0,
C:\A\C_Programme\VC++\Win32Project1\Win32Project1\Application.cpp,Application::Application(RootScene *rootScene),3,3,3,0,0,0,0,0,
C:\A\C_Programme\VC++\Win32Project1\Win32Project1\Application.cpp,Application::~Application(),2,2,2,0,0,0,0,0,
C:\A\C_Programme\VC++\Win32Project1\Win32Project1\Application.cpp,"Application::create(HINSTANCE hInstance, HINSTANCE hPrevInstance, PWSTR pCmdLine, int nCmdShow)",8,5,5,0,0,1,3,11,
C:\A\C_Programme\VC++\Win32Project1\Win32Project1\Application.cpp,Application::show(),26,21,17,4,5,0,0,0,
C:\A\C_Programme\VC++\Win32Project1\Win32Project1\Application.cpp,Application::gethWnd(),5,5,3,3,0,0,0,0,
C:\A\C_Programme\VC++\Win32Project1\Win32Project1\Application.cpp,Application::WndProcData::WndProcData(),7,6,6,0,1,0,0,0,
C:\A\C_Programme\VC++\Win32Project1\Win32Project1\Camera.cpp,Camera::Camera(),1,1,1,0,0,0,0,0,
C:\A\C_Programme\VC++\Win32Project1\Win32Project1\Camera.cpp,Camera::~Camera(),1,1,1,0,0,0,0,0,
C:\A\C_Programme\VC++\Win32Project1\Win32Project1\Camera2.cpp,Camera2::Camera2(),1,1,1,0,0,0,0,0,
C:\A\C_Programme\VC++\Win32Project1\Win32Project1\Camera2.cpp,Camera2::~Camera2(),1,1,1,0,0,0,0,0,
C:\A\C_Programme\VC++\Win32Project1\Win32Project1\Camera2.cpp,Camera2::moveBy(glm::vec2 & delta),3,3,3,0,0,0,0,0,
C:\A\C_Programme\VC++\Win32Project1\Win32Project1\Camera2.cpp,Camera2::scaleBy(float delta),2,2,2,0,0,0,0,0,
C:\A\C_Programme\VC++\Win32Project1\Win32Project1\Camera2.cpp,Camera2::getView(),5,5,5,1,0,0,0,0,
C:\A\C_Programme\VC++\Win32Project1\Win32Project1\ColorComponent.cpp,ColorComponent::ColorComponent(),1,1,1,0,0,0,0,0,
C:\A\C_Programme\VC++\Win32Project1\Win32Project1\ColorComponent.cpp,ColorComponent::~ColorComponent(),1,1,1,0,0,0,0,0,
C:\A\C_Programme\VC++\Win32Project1\Win32Project1\ColorComponent.cpp,"ColorComponent::increment(float t, float dt)",2,1,1,0,1,0,0,0,
C:\A\C_Programme\VC++\Win32Project1\Win32Project1\ColorComponent.cpp,ColorComponent::upload(Shader* shader),2,2,2,0,0,0,0,0,
C:\A\C_Programme\VC++\Win32Project1\Win32Project1\ConstantLayout.cpp,"ConstantLayout::Info::Info(PlacementMode mode, int w, int h)",7,7,7,0,0,0,0,0,
C:\A\C_Programme\VC++\Win32Project1\Win32Project1\ConstantLayout.cpp,"ConstantLayout::Info::Info(PlacementMode mode, float w, float h)",7,7,7,0,0,0,0,0,
C:\A\C_Programme\VC++\Win32Project1\Win32Project1\ConstantLayout.cpp,ConstantLayout::Info::copy(),9,9,6,5,0,0,0,0,
C:\A\C_Programme\VC++\Win32Project1\Win32Project1\ConstantLayout.cpp,ConstantLayout::Info::del(),2,2,2,0,0,0,0,0,
C:\A\C_Programme\VC++\Win32Project1\Win32Project1\ConstantLayout.cpp,ConstantLayout::setPadding(float padding),3,3,3,0,0,0,0,0,
C:\A\C_Programme\VC++\Win32Project1\Win32Project1\ConstantLayout.cpp,ConstantLayout::setPadding(int padding),3,3,3,0,0,0,0,0,
C:\A\C_Programme\VC++\Win32Project1\Win32Project1\ConstantLayout.cpp,ConstantLayout::usesIntPadding(),2,2,2,1,0,0,0,0,
C:\A\C_Programme\VC++\Win32Project1\Win32Project1\ConstantLayout.cpp,ConstantLayout::ConstantLayout(),3,3,3,0,0,0,0,0,
C:\A\C_Programme\VC++\Win32Project1\Win32Project1\ConstantLayout.cpp,ConstantLayout::~ConstantLayout(),1,1,1,0,0,0,0,0,
C:\A\C_Programme\VC++\Win32Project1\Win32Project1\ConstantLayout.cpp,"ConstantLayout::resize(int x, int y, int w, int h)",16,10,9,1,6,0,0,0,
C:\A\C_Programme\VC++\Win32Project1\Win32Project1\ConstantLayout.cpp,"ConstantLayout::getChildSize(const Info* info, const int w, const int h, int* cw, int* ch)",11,11,8,3,0,0,0,0,
C:\A\C_Programme\VC++\Win32Project1\Win32Project1\ConstantLayout.cpp,"ConstantLayout::getChildCoards(const Info::PlacementMode mode, const int x, const int y, const int w, const int h, int* cx, int* cy, const int cw, const int ch)",28,25,17,8,3,0,0,0,
C:\A\C_Programme\VC++\Win32Project1\Win32Project1\Entity.cpp,Entity::Entity(),1,1,1,0,0,0,0,0,
C:\A\C_Programme\VC++\Win32Project1\Win32Project1\Entity.cpp,Entity::~Entity(),8,8,5,2,0,0,0,0,
C:\A\C_Programme\VC++\Win32Project1\Win32Project1\Entity.cpp,Entity::add(EntityComponent* ec),2,2,2,0,0,0,0,0,
C:\A\C_Programme\VC++\Win32Project1\Win32Project1\Entity.cpp,Entity::add(const EntityComponent & ec),3,3,3,0,0,0,0,0,
C:\A\C_Programme\VC++\Win32Project1\Win32Project1\EntityComponent.cpp,EntityComponent::EntityComponent(),1,1,1,0,0,0,0,0,
C:\A\C_Programme\VC++\Win32Project1\Win32Project1\EntityComponent.cpp,EntityComponent::~EntityComponent(),1,1,1,0,0,0,0,0,
C:\A\C_Programme\VC++\Win32Project1\Win32Project1\Event.cpp,Event::Event(),1,1,1,0,0,0,0,0,
C:\A\C_Programme\VC++\Win32Project1\Win32Project1\Event.cpp,Event::~Event(),1,1,1,0,0,0,0,0,
C:\A\C_Programme\VC++\Win32Project1\Win32Project1\Font.cpp,Font::load(const std::string & path),47,34,27,7,13,1,0,5,
C:\A\C_Programme\VC++\Win32Project1\Win32Project1\Font.cpp,"Font::handelPage(std::vector<std::string> & flags, const std::string & path)",14,12,9,3,2,1,0,6,
C:\A\C_Programme\VC++\Win32Project1\Win32Project1\Font.cpp,Font::FontPart::FontPart(),2,2,2,0,0,0,0,0,
C:\A\C_Programme\VC++\Win32Project1\Win32Project1\Font.cpp,Font::FontPart::~FontPart(),1,1,1,0,0,0,0,0,
C:\A\C_Programme\VC++\Win32Project1\Win32Project1\Font.cpp,Font::FontPart::finalize(),3,3,3,0,0,0,0,0,
C:\A\C_Programme\VC++\Win32Project1\Win32Project1\Font.cpp,Font::FontPart::handelInfo(std::vector<std::string> & flags),8,8,7,1,0,0,0,0,
C:\A\C_Programme\VC++\Win32Project1\Win32Project1\Font.cpp,Font::FontPart::Info::finalize(),2,1,1,0,1,0,0,0,
C:\A\C_Programme\VC++\Win32Project1\Win32Project1\Font.cpp,Font::FontPart::Info::readPadding(std::string & value),19,17,15,2,2,0,0,0,
C:\A\C_Programme\VC++\Win32Project1\Win32Project1\Font.cpp,"Font::FontPart::Info::set(std::string & key, std::string & value)",11,11,11,1,0,0,0,0,
C:\A\C_Programme\VC++\Win32Project1\Win32Project1\Font.cpp,Font::FontPart::handelCommon(std::vector<std::string> & flags),8,8,7,1,0,0,0,0,
C:\A\C_Programme\VC++\Win32Project1\Win32Project1\Font.cpp,"Font::FontPart::Common::set(std::string & key, std::string & value)",5,5,5,1,0,0,0,0,
C:\A\C_Programme\VC++\Win32Project1\Win32Project1\Font.cpp,Font::FontPart::Common::finalize(),3,3,3,0,0,0,0,0,
C:\A\C_Programme\VC++\Win32Project1\Win32Project1\Font.cpp,Font::FontPart::handelScalar(std::vector<std::string> & flags),12,11,10,2,1,0,0,0,
C:\A\C_Programme\VC++\Win32Project1\Win32Project1\Font.cpp,Font::FontPart::handelChars(std::vector<std::string> & flags),10,9,8,2,1,0,0,0,
C:\A\C_Programme\VC++\Win32Project1\Win32Project1\Font.cpp,Font::FontPart::handelChar(std::vector<std::string> & flags),15,13,12,2,2,0,0,0,
C:\A\C_Programme\VC++\Win32Project1\Win32Project1\Font.cpp,"Font::FontPart::Character::set(std::string & key, std::string & value, int scaleW, int scaleH)",13,13,12,1,0,3,0,6,
C:\A\C_Programme\VC++\Win32Project1\Win32Project1\Font.cpp,Font::FontPart::Character::finalize(),2,2,2,0,0,0,0,0,
C:\A\C_Programme\VC++\Win32Project1\Win32Project1\Font.cpp,Font::FontPart::handelKernings(std::vector<std::string> & flags),2,1,1,0,0,0,1,7,
C:\A\C_Programme\VC++\Win32Project1\Win32Project1\Font.cpp,"Font::FontPart::handel(std::string & type, std::vector<std::string> & flags)",8,8,7,1,0,1,0,4,
C:\A\C_Programme\VC++\Win32Project1\Win32Project1\Font.cpp,Font::Font(const std::string & path),3,3,3,0,0,0,0,0,
C:\A\C_Programme\VC++\Win32Project1\Win32Project1\Font.cpp,Font::~Font(),3,3,2,1,0,0,0,0,
C:\A\C_Programme\VC++\Win32Project1\Win32Project1\FpsController.cpp,FpsController::clockToMSf(clock_t ticks),2,2,2,1,0,0,0,0,
C:\A\C_Programme\VC++\Win32Project1\Win32Project1\FpsController.cpp,FpsController::FpsController(int targetFps),5,5,5,0,0,0,0,0,
C:\A\C_Programme\VC++\Win32Project1\Win32Project1\FpsController.cpp,FpsController::~FpsController(),1,1,1,0,0,0,0,0,
C:\A\C_Programme\VC++\Win32Project1\Win32Project1\FpsController.cpp,FpsController::maybeSleep(),4,4,3,1,0,1,0,5,
C:\A\C_Programme\VC++\Win32Project1\Win32Project1\FpsController.cpp,FpsController::beginFrame(),4,3,3,0,0,0,1,3,
C:\A\C_Programme\VC++\Win32Project1\Win32Project1\GeneticRootScene.cpp,GeneticRootScene::GeneticRootScene(),35,24,22,0,10,0,1,2,
C:\A\C_Programme\VC++\Win32Project1\Win32Project1\GeneticRootScene.cpp,GeneticRootScene::~GeneticRootScene(),10,9,9,0,1,0,0,0,
C:\A\C_Programme\VC++\Win32Project1\Win32Project1\GeneticRootScene.cpp,GeneticRootScene::render(RenderMode rm),43,28,26,1,15,0,0,0,
C:\A\C_Programme\VC++\Win32Project1\Win32Project1\GeneticRootScene.cpp,GeneticRootScene::keyDown(char key),17,9,6,3,0,0,8,11,
C:\A\C_Programme\VC++\Win32Project1\Win32Project1\GeneticRootScene.cpp,GeneticRootScene::init(),39,30,22,0,9,0,0,0,
C:\A\C_Programme\VC++\Win32Project1\Win32Project1\GeneticRootScene.cpp,"GeneticRootScene::increment(float time, float deltaTime)",6,5,5,0,1,0,0,0,
C:\A\C_Programme\VC++\Win32Project1\Win32Project1\Globals.cpp,Globals::init(),2,1,1,0,1,0,0,0,
C:\A\C_Programme\VC++\Win32Project1\Win32Project1\HorizontalLayout.cpp,HorizontalLayout::HorizontalLayout(),1,1,1,0,0,0,0,0,
C:\A\C_Programme\VC++\Win32Project1\Win32Project1\HorizontalLayout.cpp,HorizontalLayout::~HorizontalLayout(),1,1,1,0,0,0,0,0,
C:\A\C_Programme\VC++\Win32Project1\Win32Project1\HorizontalLayout.cpp,"HorizontalLayout::resize(int x, int y, int w, int h)",22,13,11,2,6,0,3,12,
C:\A\C_Programme\VC++\Win32Project1\Win32Project1\Image.cpp,Image::Image(const std::string & path),4,4,3,1,0,0,0,0,
C:\A\C_Programme\VC++\Win32Project1\Win32Project1\Image.cpp,Image::~Image(),3,3,2,1,0,0,0,0,
C:\A\C_Programme\VC++\Win32Project1\Win32Project1\Image.cpp,Image::getFormatGL(),11,11,6,5,0,0,0,0,
C:\A\C_Programme\VC++\Win32Project1\Win32Project1\InfoLog.cpp,InfoLog::retriveErrorMsg(const std::string & description),12,9,7,1,3,0,0,0,
C:\A\C_Programme\VC++\Win32Project1\Win32Project1\InfoLog.cpp,InfoLog::InfoLog(),1,1,1,0,0,0,0,0,
C:\A\C_Programme\VC++\Win32Project1\Win32Project1\InfoLog.cpp,InfoLog::~InfoLog(),1,1,1,0,0,0,0,0,
C:\A\C_Programme\VC++\Win32Project1\Win32Project1\InfoLog.cpp,InfoLog::printError(const std::string & description),2,2,2,0,0,1,0,6,
C:\A\C_Programme\VC++\Win32Project1\Win32Project1\InfoLog.cpp,InfoLog::printWindowsError(const std::string & description),2,2,2,0,0,0,0,0,
C:\A\C_Programme\VC++\Win32Project1\Win32Project1\InputState.cpp,InputState::InputState(),2,1,1,0,1,0,0,0,
C:\A\C_Programme\VC++\Win32Project1\Win32Project1\InputState.cpp,InputState::~InputState(),2,1,1,0,1,0,0,0,
C:\A\C_Programme\VC++\Win32Project1\Win32Project1\InputState.cpp,InputState::WindowSize::WindowSize(),3,3,3,0,0,0,0,0,
C:\A\C_Programme\VC++\Win32Project1\Win32Project1\InputState.cpp,InputState::WindowSize::get(),2,2,2,1,0,0,0,0,
C:\A\C_Programme\VC++\Win32Project1\Win32Project1\InputState.cpp,InputState::Mouse::Mouse(),6,6,6,0,0,0,0,0,
C:\A\C_Programme\VC++\Win32Project1\Win32Project1\InputState.cpp,InputState::Mouse::get(),2,2,2,1,0,0,0,0,
C:\A\C_Programme\VC++\Win32Project1\Win32Project1\InputState.cpp,InputState::Mouse::getDelta(),2,2,2,1,0,0,0,0,
C:\A\C_Programme\VC++\Win32Project1\Win32Project1\InputState.cpp,InputState::Mouse::isRdown(),2,2,2,1,0,0,0,0,
C:\A\C_Programme\VC++\Win32Project1\Win32Project1\InputState.cpp,InputState::Mouse::isLdown(),2,2,2,1,0,0,0,0,
C:\A\C_Programme\VC++\Win32Project1\Win32Project1\InputState.cpp,InputState::Mouse::isMdown(),2,2,2,1,0,0,0,0,
C:\A\C_Programme\VC++\Win32Project1\Win32Project1\InputState.cpp,InputState::Mouse::setX(int x),3,3,3,0,0,0,0,0,
C:\A\C_Programme\VC++\Win32Project1\Win32Project1\InputState.cpp,InputState::Mouse::setY(int y),3,3,3,0,0,0,0,0,
C:\A\C_Programme\VC++\Win32Project1\Win32Project1\InputState.cpp,InputState::Keyboard::Keyboard(),3,3,2,1,0,0,0,0,
C:\A\C_Programme\VC++\Win32Project1\Win32Project1\InputState.cpp,"InputState::Keyboard::set(int id, bool value)",5,5,3,1,0,0,0,0,
C:\A\C_Programme\VC++\Win32Project1\Win32Project1\InputState.cpp,InputState::Keyboard::setFalse(int id),3,2,2,0,0,0,1,5,
C:\A\C_Programme\VC++\Win32Project1\Win32Project1\InputState.cpp,InputState::Keyboard::setTrue(int id),4,2,2,0,0,0,2,10,
C:\A\C_Programme\VC++\Win32Project1\Win32Project1\InputState.cpp,InputState::Keyboard::get(int id),2,2,2,1,0,0,0,0,
C:\A\C_Programme\VC++\Win32Project1\Win32Project1\InputState.cpp,InputState::update(Event* e),41,40,27,1,0,0,1,1,
C:\A\C_Programme\VC++\Win32Project1\Win32Project1\LayerdLayout.cpp,LayerdLayout::LayerdLayout(),1,1,1,0,0,0,0,0,
C:\A\C_Programme\VC++\Win32Project1\Win32Project1\LayerdLayout.cpp,LayerdLayout::~LayerdLayout(),1,1,1,0,0,0,0,0,
C:\A\C_Programme\VC++\Win32Project1\Win32Project1\Layout.cpp,"Layout::Component::Component(ComponentType type, void* comp, LayoutInfo* info)",4,4,4,0,0,0,0,0,
C:\A\C_Programme\VC++\Win32Project1\Win32Project1\Layout.cpp,"Layout::getDimention(int* x, int* y, int *w, int *h)",5,5,5,0,0,0,0,0,
C:\A\C_Programme\VC++\Win32Project1\Win32Project1\Layout.cpp,"Layout::getDimention(ComponentType type, void* component, int* x, int* y, int* w, int* h)",9,9,6,3,0,0,0,0,
C:\A\C_Programme\VC++\Win32Project1\Win32Project1\Layout.cpp,"Layout::resize(ComponentType type, void* component, int x, int y, int w, int h)",9,9,6,3,0,0,0,0,
C:\A\C_Programme\VC++\Win32Project1\Win32Project1\Layout.cpp,Layout::Layout(),1,1,1,0,0,0,0,0,
C:\A\C_Programme\VC++\Win32Project1\Win32Project1\Layout.cpp,Layout::~Layout(),1,1,1,0,0,0,0,0,
C:\A\C_Programme\VC++\Win32Project1\Win32Project1\Layout.cpp,"Layout::add(Scene* scene, LayoutInfo & info)",5,4,4,0,1,0,0,0,
C:\A\C_Programme\VC++\Win32Project1\Win32Project1\Layout.cpp,"Layout::add(Layout* layout, LayoutInfo & info)",5,4,4,0,1,0,0,0,
C:\A\C_Programme\VC++\Win32Project1\Win32Project1\Layout.cpp,Layout::remove(Scene* scene),8,8,6,1,0,0,0,0,
C:\A\C_Programme\VC++\Win32Project1\Win32Project1\Layout.cpp,Layout::remove(Layout* layout),8,8,6,1,0,0,0,0,
C:\A\C_Programme\VC++\Win32Project1\Win32Project1\Layout.cpp,"Layout::resize(int x, int y, int w, int h)",5,5,5,0,0,0,0,0,
C:\A\C_Programme\VC++\Win32Project1\Win32Project1\main.cpp,"wWinMain(HINSTANCE hInstance, HINSTANCE hPrevInstance, PWSTR pCmdLine, int nCmdShow)",10,6,6,1,4,0,0,0,
C:\A\C_Programme\VC++\Win32Project1\Win32Project1\Mesh.cpp,"Mesh::Atribute::set(int attrib, int start, int dim)",13,12,8,1,1,0,0,0,
C:\A\C_Programme\VC++\Win32Project1\Win32Project1\Mesh.cpp,"Mesh::Atribute::Atribute(int attrib, int start, int dim)",2,2,2,0,0,0,0,0,
C:\A\C_Programme\VC++\Win32Project1\Win32Project1\Mesh.cpp,Mesh::Mesh(),4,4,4,0,0,0,0,0,
C:\A\C_Programme\VC++\Win32Project1\Win32Project1\Mesh.cpp,Mesh::~Mesh(),2,1,1,0,1,0,0,0,
C:\A\C_Programme\VC++\Win32Project1\Win32Project1\Mesh.cpp,Mesh::readMesh(const std::string & path),4,4,4,1,0,0,0,0,
C:\A\C_Programme\VC++\Win32Project1\Win32Project1\Mesh.cpp,Mesh::load(const std::string & path),22,16,14,1,6,0,0,0,
C:\A\C_Programme\VC++\Win32Project1\Win32Project1\Mesh.cpp,Mesh::readPrimativeType(std::ifstream & in),9,9,7,2,0,0,0,0,
C:\A\C_Programme\VC++\Win32Project1\Win32Project1\Mesh.cpp,"Mesh::readLayoutLine(std::ifstream & in, std::list<Atribute> & atributes, int* stride)",47,43,38,5,4,0,0,0,
C:\A\C_Programme\VC++\Win32Project1\Win32Project1\Mesh.cpp,"Mesh::readData(std::ifstream & in, std::vector<float> & data)",15,13,9,4,2,0,0,0,
C:\A\C_Programme\VC++\Win32Project1\Win32Project1\Mesh.cpp,Mesh::setLocations(const std::list<Atribute> & atributes),3,3,2,1,0,0,0,0,
C:\A\C_Programme\VC++\Win32Project1\Win32Project1\Mesh.cpp,Mesh::render(),12,8,6,3,4,0,0,0,
C:\A\C_Programme\VC++\Win32Project1\Win32Project1\Model.cpp,load(const std::string & path),2,1,1,0,1,0,0,0,
C:\A\C_Programme\VC++\Win32Project1\Win32Project1\Model.cpp,readPrimativeType(std::ifstream & in),2,1,1,0,1,0,0,0,
C:\A\C_Programme\VC++\Win32Project1\Win32Project1\Model.cpp,"readLayoutLine(std::ifstream & in, std::list<Atribute> & atributes, int* stride)",2,1,1,0,1,0,0,0,
C:\A\C_Programme\VC++\Win32Project1\Win32Project1\Model.cpp,setLocations(const std::list<Atribute> & atributes),2,1,1,0,1,0,0,0,
C:\A\C_Programme\VC++\Win32Project1\Win32Project1\Model.cpp,Model(),2,1,1,0,1,0,0,0,
C:\A\C_Programme\VC++\Win32Project1\Win32Project1\Model.cpp,~Model(),2,1,1,0,1,0,0,0,
C:\A\C_Programme\VC++\Win32Project1\Win32Project1\Model.cpp,readMdl(const std::string & path),2,1,1,0,1,0,0,0,
C:\A\C_Programme\VC++\Win32Project1\Win32Project1\Model.cpp,"render(shaderUniformLoader sul, void* data)",2,1,1,0,1,0,0,0,
C:\A\C_Programme\VC++\Win32Project1\Win32Project1\ResourceManager.cpp,ResourceManager::getResourceType(const std::string & path),43,30,21,12,11,0,2,18,
C:\A\C_Programme\VC++\Win32Project1\Win32Project1\ResourceManager.cpp,"ResourceManager::LoadResource(const std::string & path, ResourceRecord* rr)",27,24,17,1,3,0,0,0,
C:\A\C_Programme\VC++\Win32Project1\Win32Project1\ResourceManager.cpp,ResourceManager::ResourceManager(),1,1,1,0,0,0,0,0,
C:\A\C_Programme\VC++\Win32Project1\Win32Project1\ResourceManager.cpp,ResourceManager::~ResourceManager(),1,1,1,0,0,0,0,0,
C:\A\C_Programme\VC++\Win32Project1\Win32Project1\ResourceManager.cpp,ResourceManager::find(const std::string & path),4,4,4,1,0,0,0,0,
C:\A\C_Programme\VC++\Win32Project1\Win32Project1\ResourceManager.cpp,ResourceManager::prepareResource(const std::string & path),11,10,9,1,1,1,0,5,
C:\A\C_Programme\VC++\Win32Project1\Win32Project1\ResourceManager.cpp,"ResourceManager::prepareResources(const std::string * paths, int resourceCount)",3,3,2,1,0,0,0,0,
C:\A\C_Programme\VC++\Win32Project1\Win32Project1\ResourceManager.cpp,"ResourceManager::getResource(const std::string & path, ResourceType *resourceType)",9,9,7,4,0,1,0,2,
C:\A\C_Programme\VC++\Win32Project1\Win32Project1\ResourceManager.cpp,ResourceManager::releaseResource(const std::string & path),13,13,11,2,0,1,0,2,
C:\A\C_Programme\VC++\Win32Project1\Win32Project1\ResourceManager.cpp,"ResourceManager::releaseResources(const std::string * paths, int resourceCount)",3,3,2,1,0,0,0,0,
C:\A\C_Programme\VC++\Win32Project1\Win32Project1\RootScene.cpp,RootScene::processEvent(Event* e),3,3,3,0,0,0,0,0,
C:\A\C_Programme\VC++\Win32Project1\Win32Project1\RootScene.cpp,RootScene::getPreferedDimention(),2,2,2,1,0,0,0,0,
C:\A\C_Programme\VC++\Win32Project1\Win32Project1\RootScene.cpp,RootScene::setPreferedDimention(const glm::ivec2 & d),2,2,2,0,0,0,0,0,
C:\A\C_Programme\VC++\Win32Project1\Win32Project1\RootScene.cpp,RootScene::getInputState(),2,2,2,1,0,0,0,0,
C:\A\C_Programme\VC++\Win32Project1\Win32Project1\RootScene.cpp,RootScene::RootScene(),2,2,2,0,0,0,0,0,
C:\A\C_Programme\VC++\Win32Project1\Win32Project1\RootScene.cpp,RootScene::~RootScene(),2,2,2,0,0,0,0,0,
C:\A\C_Programme\VC++\Win32Project1\Win32Project1\RootScene.cpp,RootScene::allocateMemory(),2,2,2,0,0,0,0,0,
C:\A\C_Programme\VC++\Win32Project1\Win32Project1\RootScene.cpp,RootScene::deleteMemory(),2,2,2,0,0,0,0,0,
C:\A\C_Programme\VC++\Win32Project1\Win32Project1\RootScene.cpp,"RootScene::sizeChanged(int w, int h)",2,2,2,0,0,0,0,0,
C:\A\C_Programme\VC++\Win32Project1\Win32Project1\RootScene.cpp,RootScene::updateLayout(),2,2,2,0,0,0,0,0,
C:\A\C_Programme\VC++\Win32Project1\Win32Project1\Scene.cpp,Scene::RelativeMouse::RelativeMouse(),4,4,4,0,0,0,0,0,
C:\A\C_Programme\VC++\Win32Project1\Win32Project1\Scene.cpp,"Scene::RelativeMouse::set(bool isInside, int x, int y)",4,4,4,0,0,0,0,0,
C:\A\C_Programme\VC++\Win32Project1\Win32Project1\Scene.cpp,Scene::Scene(Scene* parent),4,4,4,0,0,0,0,0,
C:\A\C_Programme\VC++\Win32Project1\Win32Project1\Scene.cpp,Scene::~Scene(),2,1,1,0,1,0,0,0,
C:\A\C_Programme\VC++\Win32Project1\Win32Project1\Scene.cpp,Scene::processEvent(Event* e),40,39,26,13,1,0,0,0,
C:\A\C_Programme\VC++\Win32Project1\Win32Project1\Scene.cpp,Scene::getInputState(),2,2,2,1,0,0,0,0,
C:\A\C_Programme\VC++\Win32Project1\Win32Project1\Scene.cpp,Scene::processEvnetQueue(std::queue<Event>& q),10,9,7,2,1,0,0,0,
C:\A\C_Programme\VC++\Win32Project1\Win32Project1\Scene.cpp,"Scene::getDimention(int* x, int* y, int *w, int *h)",5,5,5,0,0,0,0,0,
C:\A\C_Programme\VC++\Win32Project1\Win32Project1\Scene.cpp,"Scene::resize(int x, int y, int w, int h)",9,7,6,1,0,0,2,9,
C:\A\C_Programme\VC++\Win32Project1\Win32Project1\Scene.cpp,"Scene::increment(float time, float deltaTime)",3,3,2,1,0,0,0,0,
C:\A\C_Programme\VC++\Win32Project1\Win32Project1\Scene.cpp,Scene::render(RenderMode rm),3,3,2,1,0,0,0,0,
C:\A\C_Programme\VC++\Win32Project1\Win32Project1\Scene.cpp,Scene::init(),3,3,2,1,0,0,0,0,
C:\A\C_Programme\VC++\Win32Project1\Win32Project1\Scene.cpp,Scene::add(Scene* child),2,2,2,0,0,0,0,0,
C:\A\C_Programme\VC++\Win32Project1\Win32Project1\Scene.cpp,Scene::remove(Scene* child),2,2,2,0,0,0,0,0,
C:\A\C_Programme\VC++\Win32Project1\Win32Project1\Scene.cpp,"Scene::mouseMove(int x, int y)",14,11,8,3,3,0,0,0,
C:\A\C_Programme\VC++\Win32Project1\Win32Project1\Scene.cpp,Scene::getProjection(ProjectionType pt),10,10,4,4,0,0,0,0,
C:\A\C_Programme\VC++\Win32Project1\Win32Project1\Scene.cpp,Scene::getMouseGl(),2,2,2,1,0,0,0,0,
C:\A\C_Programme\VC++\Win32Project1\Win32Project1\Scene.cpp,"Scene::layerLessThan(Scene* a, Scene* b)",3,3,3,1,0,0,0,0,
C:\A\C_Programme\VC++\Win32Project1\Win32Project1\Scene.cpp,Scene::arangeChildren(),2,2,2,0,0,0,0,0,
C:\A\C_Programme\VC++\Win32Project1\Win32Project1\Shader.cpp,Shader::shaderTypeToString(const int type),11,11,6,5,0,0,0,0,
C:\A\C_Programme\VC++\Win32Project1\Win32Project1\Shader.cpp,"Shader::preproces(std::string & code, const std::string & path)",42,34,28,6,8,0,0,0,
C:\A\C_Programme\VC++\Win32Project1\Win32Project1\Shader.cpp,"Shader::loadShader(const std::string & file, const int type)",42,36,30,7,6,1,0,6,
C:\A\C_Programme\VC++\Win32Project1\Win32Project1\Shader.cpp,Shader::deleteShaders(),16,16,9,7,0,0,0,0,
C:\A\C_Programme\VC++\Win32Project1\Win32Project1\Shader.cpp,Shader::load(const std::string & path),4,4,4,0,0,0,0,0,
C:\A\C_Programme\VC++\Win32Project1\Win32Project1\Shader.cpp,Shader::link(const std::string & path),21,18,15,2,3,0,0,0,
C:\A\C_Programme\VC++\Win32Project1\Win32Project1\Shader.cpp,Shader::findUniformLocations(),21,12,12,1,6,0,3,22,
C:\A\C_Programme\VC++\Win32Project1\Win32Project1\Shader.cpp,Shader::getUniformLocation(const std::string & name),8,8,6,3,0,0,0,0,
C:\A\C_Programme\VC++\Win32Project1\Win32Project1\Shader.cpp,Shader::Shader(const std::string & path),10,8,8,0,2,0,0,0,
C:\A\C_Programme\VC++\Win32Project1\Win32Project1\Shader.cpp,Shader::~Shader(),2,2,2,0,0,0,0,0,
C:\A\C_Programme\VC++\Win32Project1\Win32Project1\Shader.cpp,Shader::getProgram(),2,2,2,1,0,0,0,0,
C:\A\C_Programme\VC++\Win32Project1\Win32Project1\Shader.cpp,Shader::use(),2,2,2,0,0,0,0,0,
C:\A\C_Programme\VC++\Win32Project1\Win32Project1\Shader.cpp,"Shader::uniform(const std::string & name, const float f)",4,4,4,1,0,0,0,0,
C:\A\C_Programme\VC++\Win32Project1\Win32Project1\Shader.cpp,"Shader::uniform(const std::string & name, const glm::vec2 v)",4,4,4,1,0,0,0,0,
C:\A\C_Programme\VC++\Win32Project1\Win32Project1\Shader.cpp,"Shader::uniform(const std::string & name, const glm::vec3 v)",4,4,4,1,0,0,0,0,
C:\A\C_Programme\VC++\Win32Project1\Win32Project1\Shader.cpp,"Shader::uniform(const std::string & name, const glm::vec4 v)",4,4,4,1,0,0,0,0,
C:\A\C_Programme\VC++\Win32Project1\Win32Project1\Shader.cpp,"Shader::uniform(const std::string & name, const glm::mat4 m)",4,4,4,1,0,0,0,0,
C:\A\C_Programme\VC++\Win32Project1\Win32Project1\Shader.cpp,"Shader::uniform(const std::string & name, const bool b)",4,4,4,1,0,0,0,0,
C:\A\C_Programme\VC++\Win32Project1\Win32Project1\Strings.cpp,Strings::Strings(),1,1,1,0,0,0,0,0,
C:\A\C_Programme\VC++\Win32Project1\Win32Project1\Strings.cpp,Strings::~Strings(),1,1,1,0,0,0,0,0,
C:\A\C_Programme\VC++\Win32Project1\Win32Project1\Strings.cpp,Strings::stripQuotes(std::string const & s),8,8,6,4,0,2,0,7,
C:\A\C_Programme\VC++\Win32Project1\Win32Project1\Strings.cpp,"Strings::pathInSameDir(std::string const & dirPath, std::string const & path)",6,5,5,1,1,0,0,0,
C:\A\C_Programme\VC++\Win32Project1\Win32Project1\Strings.cpp,"Strings::findLastOf(std::string const & s, const char c)",14,12,9,4,2,0,0,0,
C:\A\C_Programme\VC++\Win32Project1\Win32Project1\TestScene.cpp,"TestScene::TestScene(Scene* parent, const glm::vec4 & color, float rotation, float angular)",4,4,4,0,0,0,0,0,
C:\A\C_Programme\VC++\Win32Project1\Win32Project1\TestScene.cpp,TestScene::~TestScene(),2,2,2,0,0,0,0,0,
C:\A\C_Programme\VC++\Win32Project1\Win32Project1\TestScene.cpp,TestScene::render(RenderMode rm),76,61,60,1,9,0,6,15,
C:\A\C_Programme\VC++\Win32Project1\Win32Project1\TestScene.cpp,TestScene::init(),6,4,4,0,2,0,0,0,
C:\A\C_Programme\VC++\Win32Project1\Win32Project1\TestScene.cpp,"TestScene::increment(float time, float deltaTime)",3,3,3,0,0,0,0,0,
C:\A\C_Programme\VC++\Win32Project1\Win32Project1\TestScene.cpp,TestScene::charDown(char c),44,21,14,7,4,5,19,80,
C:\A\C_Programme\VC++\Win32Project1\Win32Project1\Text.cpp,Text::Text(),2,1,1,0,1,0,0,0,
C:\A\C_Programme\VC++\Win32Project1\Win32Project1\Text.cpp,Text::~Text(),2,2,2,0,0,0,0,0,
C:\A\C_Programme\VC++\Win32Project1\Win32Project1\Text.cpp,Text::init(),2,2,2,0,0,0,0,0,
C:\A\C_Programme\VC++\Win32Project1\Win32Project1\Text.cpp,"Text::increment(float time, float deltaTime)",2,1,1,0,1,0,0,0,
C:\A\C_Programme\VC++\Win32Project1\Win32Project1\Text.cpp,Text::render(Entity::RenderMode rm),30,22,18,3,8,0,0,0,
C:\A\C_Programme\VC++\Win32Project1\Win32Project1\Text.cpp,Text::clearText(),3,3,3,0,0,0,0,0,
C:\A\C_Programme\VC++\Win32Project1\Win32Project1\Text.cpp,Text::remove(int index),2,2,2,0,0,0,0,0,
C:\A\C_Programme\VC++\Win32Project1\Win32Project1\Text.cpp,Text::size(),2,2,2,1,0,0,0,0,
C:\A\C_Programme\VC++\Win32Project1\Win32Project1\Text.cpp,Text::pack(),7,4,4,0,2,0,1,4,
C:\A\C_Programme\VC++\Win32Project1\Win32Project1\TextMesh.cpp,TextMesh::Param::Param(),2,1,1,0,1,0,0,0,
C:\A\C_Programme\VC++\Win32Project1\Win32Project1\TextMesh.cpp,TextMesh::Param::upload(Shader* shader),8,8,8,0,0,0,0,0,
C:\A\C_Programme\VC++\Win32Project1\Win32Project1\TextMesh.cpp,TextMesh::TextMesh(),2,1,1,0,1,0,0,0,
C:\A\C_Programme\VC++\Win32Project1\Win32Project1\TextMesh.cpp,TextMesh::~TextMesh(),2,1,1,0,1,0,0,0,
C:\A\C_Programme\VC++\Win32Project1\Win32Project1\TextMesh.cpp,"TextMesh::pack(Font* font, std::string & s)",19,15,14,1,4,2,0,18,
C:\A\C_Programme\VC++\Win32Project1\Win32Project1\TextMesh.cpp,TextMesh::createAttribList(std::list<Mesh::Atribute> & attributes),3,3,3,0,0,0,0,0,
C:\A\C_Programme\VC++\Win32Project1\Win32Project1\TextMesh.cpp,"TextMesh::addChar(const char c, std::vector<Vertex> & data, glm::vec2* courser, Param* param, Font* font)",32,25,21,2,7,0,0,0,
C:\A\C_Programme\VC++\Win32Project1\Win32Project1\TextMesh.cpp,"TextMesh::setTextureUVs(Vertex* v, Font::FontPart::Character* ch)",5,5,5,0,0,0,0,0,
C:\A\C_Programme\VC++\Win32Project1\Win32Project1\TextMesh.cpp,"TextMesh::setPositions(Vertex* v, Font::FontPart* fp, Font::FontPart::Character* ch, const glm::vec2* courser, const Param* param)",15,12,11,0,3,0,0,0,
C:\A\C_Programme\VC++\Win32Project1\Win32Project1\Texture.cpp,Texture::TexParameter::TexParameter(),7,6,6,0,1,0,0,0,
C:\A\C_Programme\VC++\Win32Project1\Win32Project1\Texture.cpp,Texture::TexParameter::read(const std::string & path),27,18,13,4,9,0,0,0,
C:\A\C_Programme\VC++\Win32Project1\Win32Project1\Texture.cpp,"Texture::TexParameter::handel(const std::string & key, const std::string & value)",4,4,4,1,0,0,0,0,
C:\A\C_Programme\VC++\Win32Project1\Win32Project1\Texture.cpp,"Texture::TexParameter::setFilter(GLint* filter, const std::string & value)",4,4,4,1,0,0,0,0,
C:\A\C_Programme\VC++\Win32Project1\Win32Project1\Texture.cpp,Texture::Texture(const std::string & path),8,6,5,1,2,0,0,0,
C:\A\C_Programme\VC++\Win32Project1\Win32Project1\Texture.cpp,Texture::~Texture(),2,2,2,0,0,0,0,0,
C:\A\C_Programme\VC++\Win32Project1\Win32Project1\Texture.cpp,Texture::loadToTBO(const TexParameter* param),29,18,16,3,11,0,0,0,
C:\A\C_Programme\VC++\Win32Project1\Win32Project1\Texture.cpp,Texture::bind(GLenum target),2,2,2,0,0,0,0,0,
C:\A\C_Programme\VC++\Win32Project1\Win32Project1\Transform.cpp,Transform::Transform(),1,1,1,0,0,0,0,0,
C:\A\C_Programme\VC++\Win32Project1\Win32Project1\Transform.cpp,Transform::~Transform(),1,1,1,0,0,0,0,0,
C:\A\C_Programme\VC++\Win32Project1\Win32Project1\Transform2.cpp,Transform2::Transform2(),1,1,1,0,0,0,0,0,
C:\A\C_Programme\VC++\Win32Project1\Win32Project1\Transform2.cpp,Transform2::~Transform2(),1,1,1,0,0,0,0,0,
C:\A\C_Programme\VC++\Win32Project1\Win32Project1\Transform2.cpp,Transform2::createMatrix(),6,6,6,1,0,0,0,0,
C:\A\C_Programme\VC++\Win32Project1\Win32Project1\VerticalLayout.cpp,VerticalLayout::VerticalLayout(),1,1,1,0,0,0,0,0,
C:\A\C_Programme\VC++\Win32Project1\Win32Project1\VerticalLayout.cpp,VerticalLayout::~VerticalLayout(),1,1,1,0,0,0,0,0,
C:\A\C_Programme\VC++\Win32Project1\Win32Project1\VerticalLayout.cpp,"VerticalLayout::resize(int x, int y, int w, int h)",22,13,11,2,6,0,3,12,
C:\A\C_Programme\VC++\Win32Project1\Win32Project1\Viewer.cpp,Viewer::Viewer(Scene* parent),1,1,1,0,0,0,0,0,
C:\A\C_Programme\VC++\Win32Project1\Win32Project1\Viewer.cpp,Viewer::~Viewer(),1,1,1,0,0,0,0,0,
C:\A\C_Programme\VC++\Win32Project1\Win32Project1\Viewer2.cpp,Viewer2::Viewer2(Scene* parent),1,1,1,0,0,0,0,0,
C:\A\C_Programme\VC++\Win32Project1\Win32Project1\Viewer2.cpp,Viewer2::~Viewer2(),1,1,1,0,0,0,0,0,
C:\A\C_Programme\VC++\Win32Project1\Win32Project1\Viewer2.cpp,"Viewer2::mouseMove(int x, int y)",8,8,5,2,0,0,0,0,
C:\A\C_Programme\VC++\Win32Project1\Win32Project1\Viewer2.cpp,Viewer2::mouseWheel(int w),5,5,4,1,0,0,0,0,
C:\A\C_Programme\VC++\Win32Project1\Win32Project1\ViewerTest.cpp,ViewerTest::ViewerTest(Scene* parent),8,8,7,1,0,0,0,0,
C:\A\C_Programme\VC++\Win32Project1\Win32Project1\ViewerTest.cpp,ViewerTest::~ViewerTest(),2,2,2,0,0,0,0,0,
C:\A\C_Programme\VC++\Win32Project1\Win32Project1\ViewerTest.cpp,ViewerTest::render(RenderMode rm),50,36,35,1,9,0,5,10,
C:\A\C_Programme\VC++\Win32Project1\Win32Project1\ViewerTest.cpp,ViewerTest::init(),3,3,3,0,0,0,0,0,
C:\A\C_Programme\VC++\Win32Project1\Win32Project1\ViewerTest.cpp,"ViewerTest::increment(float time, float deltaTime)",3,3,3,0,0,0,0,0,
C:\A\C_Programme\VC++\Win32Project1\Win32Project1\WeightedLayout.cpp,WeightedLayout::WeightedLayout(),3,3,3,0,0,0,0,0,
C:\A\C_Programme\VC++\Win32Project1\Win32Project1\WeightedLayout.cpp,WeightedLayout::~WeightedLayout(),1,1,1,0,0,0,0,0,
C:\A\C_Programme\VC++\Win32Project1\Win32Project1\WeightedLayout.cpp,"WeightedLayout::addLayoutInfo(LayoutInfo* info, ComponentType type)",3,3,3,0,0,0,0,0,
C:\A\C_Programme\VC++\Win32Project1\Win32Project1\WeightedLayout.cpp,"WeightedLayout::removeLayoutInfo(LayoutInfo* info, ComponentType type)",3,3,3,0,0,0,0,0,
C:\A\C_Programme\VC++\Win32Project1\Win32Project1\Mesh.h,"Mesh::uploadData(const std::vector<T> & data, const std::list<Atribute> & atributes, const int stride, GLenum usage)",30,21,16,4,9,0,0,0,
C:\A\C_Programme\VC++\Win32Project1\Win32Project1\stb_image.h,stbi__cpuid3(void),4,4,4,1,0,0,0,0,
C:\A\C_Programme\VC++\Win32Project1\Win32Project1\stb_image.h,stbi__cpuid3(void),8,8,4,1,0,0,0,0,
C:\A\C_Programme\VC++\Win32Project1\Win32Project1\stb_image.h,stbi__sse2_available(),3,3,3,1,0,0,0,0,
C:\A\C_Programme\VC++\Win32Project1\Win32Project1\stb_image.h,stbi__sse2_available(),9,6,3,2,0,1,3,28,
C:\A\C_Programme\VC++\Win32Project1\Win32Project1\stb_image.h,"stbi__start_mem(stbi__context *s, stbi_uc const *buffer, int len)",5,5,5,0,0,0,0,0,
C:\A\C_Programme\VC++\Win32Project1\Win32Project1\stb_image.h,"stbi__start_callbacks(stbi__context *s, stbi_io_callbacks *c, void *user)",8,8,8,0,0,0,0,0,
C:\A\C_Programme\VC++\Win32Project1\Win32Project1\stb_image.h,"stbi__stdio_read(void *user, char *data, int size)",2,2,2,1,0,0,0,0,
C:\A\C_Programme\VC++\Win32Project1\Win32Project1\stb_image.h,"stbi__stdio_skip(void *user, int n)",2,2,2,0,0,0,0,0,
C:\A\C_Programme\VC++\Win32Project1\Win32Project1\stb_image.h,stbi__stdio_eof(void *user),2,2,2,1,0,0,0,0,
C:\A\C_Programme\VC++\Win32Project1\Win32Project1\stb_image.h,"stbi__start_file(stbi__context *s, FILE *f)",2,2,2,0,0,0,0,0,
C:\A\C_Programme\VC++\Win32Project1\Win32Project1\stb_image.h,stbi__rewind(stbi__context *s),6,3,3,0,0,0,3,38,
C:\A\C_Programme\VC++\Win32Project1\Win32Project1\stb_image.h,stbi_failure_reason(void),2,2,2,1,0,0,0,0,
C:\A\C_Programme\VC++\Win32Project1\Win32Project1\stb_image.h,stbi__err(const char *str),3,3,3,1,0,0,0,0,
C:\A\C_Programme\VC++\Win32Project1\Win32Project1\stb_image.h,stbi__malloc(size_t size),2,2,2,1,0,0,0,0,
C:\A\C_Programme\VC++\Win32Project1\Win32Project1\stb_image.h,stbi_image_free(void *retval_from_stbi_load),2,2,2,0,0,0,0,0,
C:\A\C_Programme\VC++\Win32Project1\Win32Project1\stb_image.h,stbi_set_flip_vertically_on_load(int flag_true_if_should_flip),2,2,2,0,0,0,0,0,
C:\A\C_Programme\VC++\Win32Project1\Win32Project1\stb_image.h,"stbi__load_main(stbi__context *s, int *x, int *y, int *comp, int req_comp)",37,33,13,12,3,0,1,8,
C:\A\C_Programme\VC++\Win32Project1\Win32Project1\stb_image.h,"stbi__load_flip(stbi__context *s, int *x, int *y, int *comp, int req_comp)",22,18,14,5,3,0,1,12,
C:\A\C_Programme\VC++\Win32Project1\Win32Project1\stb_image.h,"stbi__float_postprocess(float *result, int *x, int *y, int *comp, int req_comp)",18,16,12,4,1,0,1,12,
C:\A\C_Programme\VC++\Win32Project1\Win32Project1\stb_image.h,"stbi__fopen(char const *filename, char const *mode)",9,9,5,2,0,0,0,0,
C:\A\C_Programme\VC++\Win32Project1\Win32Project1\stb_image.h,"stbi_load(char const *filename, int *x, int *y, int *comp, int req_comp)",7,7,7,2,0,0,0,0,
C:\A\C_Programme\VC++\Win32Project1\Win32Project1\stb_image.h,"stbi_load_from_file(FILE *f, int *x, int *y, int *comp, int req_comp)",10,9,8,2,0,0,1,10,
C:\A\C_Programme\VC++\Win32Project1\Win32Project1\stb_image.h,"stbi_load_from_memory(stbi_uc const *buffer, int len, int *x, int *y, int *comp, int req_comp)",4,4,4,1,0,0,0,0,
C:\A\C_Programme\VC++\Win32Project1\Win32Project1\stb_image.h,"stbi_load_from_callbacks(stbi_io_callbacks const *clbk, void *user, int *x, int *y, int *comp, int req_comp)",4,4,4,1,0,0,0,0,
C:\A\C_Programme\VC++\Win32Project1\Win32Project1\stb_image.h,"stbi__loadf_main(stbi__context *s, int *x, int *y, int *comp, int req_comp)",14,14,9,6,0,0,0,0,
C:\A\C_Programme\VC++\Win32Project1\Win32Project1\stb_image.h,"stbi_loadf_from_memory(stbi_uc const *buffer, int len, int *x, int *y, int *comp, int req_comp)",4,4,4,1,0,0,0,0,
C:\A\C_Programme\VC++\Win32Project1\Win32Project1\stb_image.h,"stbi_loadf_from_callbacks(stbi_io_callbacks const *clbk, void *user, int *x, int *y, int *comp, int req_comp)",4,4,4,1,0,0,0,0,
C:\A\C_Programme\VC++\Win32Project1\Win32Project1\stb_image.h,"stbi_loadf(char const *filename, int *x, int *y, int *comp, int req_comp)",7,7,7,2,0,0,0,0,
C:\A\C_Programme\VC++\Win32Project1\Win32Project1\stb_image.h,"stbi_loadf_from_file(FILE *f, int *x, int *y, int *comp, int req_comp)",4,4,4,1,0,0,0,0,
C:\A\C_Programme\VC++\Win32Project1\Win32Project1\stb_image.h,"stbi_is_hdr_from_memory(stbi_uc const *buffer, int len)",10,10,7,2,0,0,0,0,
C:\A\C_Programme\VC++\Win32Project1\Win32Project1\stb_image.h,stbi_is_hdr(char const *filename),8,8,7,2,0,0,0,0,
C:\A\C_Programme\VC++\Win32Project1\Win32Project1\stb_image.h,stbi_is_hdr_from_file(FILE *f),9,9,6,2,0,0,0,0,
C:\A\C_Programme\VC++\Win32Project1\Win32Project1\stb_image.h,"stbi_is_hdr_from_callbacks(stbi_io_callbacks const *clbk, void *user)",10,10,7,2,0,0,0,0,
C:\A\C_Programme\VC++\Win32Project1\Win32Project1\stb_image.h,stbi_ldr_to_hdr_gamma(float gamma),1,1,1,0,0,0,0,0,
C:\A\C_Programme\VC++\Win32Project1\Win32Project1\stb_image.h,stbi_ldr_to_hdr_scale(float scale),1,1,1,0,0,0,0,0,
C:\A\C_Programme\VC++\Win32Project1\Win32Project1\stb_image.h,stbi_hdr_to_ldr_gamma(float gamma),1,1,1,0,0,0,0,0,
C:\A\C_Programme\VC++\Win32Project1\Win32Project1\stb_image.h,stbi_hdr_to_ldr_scale(float scale),1,1,1,0,0,0,0,0,
C:\A\C_Programme\VC++\Win32Project1\Win32Project1\stb_image.h,stbi__refill_buffer(stbi__context *s),14,12,10,1,0,0,2,25,
C:\A\C_Programme\VC++\Win32Project1\Win32Project1\stb_image.h,stbi__get8(stbi__context *s),8,8,6,5,0,0,0,0,
C:\A\C_Programme\VC++\Win32Project1\Win32Project1\stb_image.h,stbi__at_eof(stbi__context *s),9,6,5,4,1,0,2,21,
C:\A\C_Programme\VC++\Win32Project1\Win32Project1\stb_image.h,"stbi__skip(stbi__context *s, int n)",14,14,11,3,0,0,0,0,
C:\A\C_Programme\VC++\Win32Project1\Win32Project1\stb_image.h,"stbi__getn(stbi__context *s, stbi_uc *buffer, int n)",22,19,15,6,3,0,0,0,
C:\A\C_Programme\VC++\Win32Project1\Win32Project1\stb_image.h,stbi__get16be(stbi__context *s),3,3,3,1,0,0,0,0,
C:\A\C_Programme\VC++\Win32Project1\Win32Project1\stb_image.h,stbi__get32be(stbi__context *s),3,3,3,1,0,0,0,0,
C:\A\C_Programme\VC++\Win32Project1\Win32Project1\stb_image.h,stbi__get16le(stbi__context *s),3,3,3,1,0,0,0,0,
C:\A\C_Programme\VC++\Win32Project1\Win32Project1\stb_image.h,stbi__get32le(stbi__context *s),3,3,3,1,0,0,0,0,
C:\A\C_Programme\VC++\Win32Project1\Win32Project1\stb_image.h,"stbi__compute_y(int r, int g, int b)",2,2,2,1,0,0,0,0,
C:\A\C_Programme\VC++\Win32Project1\Win32Project1\stb_image.h,"stbi__convert_format(unsigned char *data, int img_n, int req_comp, unsigned int x, unsigned int y)",41,34,28,6,5,0,2,23,
C:\A\C_Programme\VC++\Win32Project1\Win32Project1\stb_image.h,"stbi__ldr_to_hdr(stbi_uc *data, int x, int y, int comp)",14,13,11,6,0,0,1,5,
C:\A\C_Programme\VC++\Win32Project1\Win32Project1\stb_image.h,"stbi__hdr_to_ldr(float *data, int x, int y, int comp)",22,21,18,10,0,0,1,5,
C:\A\C_Programme\VC++\Win32Project1\Win32Project1\stb_image.h,"stbi__build_huffman(stbi__huffman *h, int *count)",38,31,23,10,2,0,5,46,
C:\A\C_Programme\VC++\Win32Project1\Win32Project1\stb_image.h,"stbi__build_fast_ac(stbi__int16 *fast_ac, stbi__huffman *h)",22,19,15,5,1,0,2,19,
C:\A\C_Programme\VC++\Win32Project1\Win32Project1\stb_image.h,stbi__grow_buffer_unsafe(stbi__jpeg *j),14,14,12,2,0,0,0,0,
C:\A\C_Programme\VC++\Win32Project1\Win32Project1\stb_image.h,"stbi__jpeg_huff_decode(stbi__jpeg *j, stbi__huffman *h)",46,29,23,13,6,0,11,100,
C:\A\C_Programme\VC++\Win32Project1\Win32Project1\stb_image.h,"stbi__extend_receive(stbi__jpeg *j, int n)",12,11,11,2,1,1,0,6,
C:\A\C_Programme\VC++\Win32Project1\Win32Project1\stb_image.h,"stbi__jpeg_get_bits(stbi__jpeg *j, int n)",8,8,8,2,0,0,0,0,
C:\A\C_Programme\VC++\Win32Project1\Win32Project1\stb_image.h,stbi__jpeg_get_bit(stbi__jpeg *j),7,7,7,2,0,0,0,0,
C:\A\C_Programme\VC++\Win32Project1\Win32Project1\stb_image.h,"stbi__jpeg_decode_block(stbi__jpeg *j, short data[64], stbi__huffman *hdc, stbi__huffman *hac, stbi__int16 *fac, int b, stbi_uc *dequant)",51,43,39,8,4,4,4,36,
C:\A\C_Programme\VC++\Win32Project1\Win32Project1\stb_image.h,"stbi__jpeg_decode_block_prog_dc(stbi__jpeg *j, short data[64], stbi__huffman *hdc, int b)",23,18,15,5,3,1,2,19,
C:\A\C_Programme\VC++\Win32Project1\Win32Project1\stb_image.h,"stbi__jpeg_decode_block_prog_ac(stbi__jpeg *j, short data[64], stbi__huffman *hac, stbi__int16 *fac)",123,111,79,31,6,5,6,66,
C:\A\C_Programme\VC++\Win32Project1\Win32Project1\stb_image.h,stbi__clamp(int x),7,6,5,4,0,0,1,10,
C:\A\C_Programme\VC++\Win32Project1\Win32Project1\stb_image.h,"stbi__idct_block(stbi_uc *out, int out_stride, short data[64])",57,38,31,4,2,0,17,156,
C:\A\C_Programme\VC++\Win32Project1\Win32Project1\stb_image.h,"stbi__idct_simd(stbi_uc *out, int out_stride, short data[64])",172,127,57,0,23,9,22,118,
C:\A\C_Programme\VC++\Win32Project1\Win32Project1\stb_image.h,"stbi__idct_simd(stbi_uc *out, int out_stride, short data[64])",199,149,75,0,26,5,24,126,
C:\A\C_Programme\VC++\Win32Project1\Win32Project1\stb_image.h,stbi__get_marker(stbi__jpeg *j),8,8,7,4,0,0,0,0,
C:\A\C_Programme\VC++\Win32Project1\Win32Project1\stb_image.h,stbi__jpeg_reset(stbi__jpeg *j),10,8,8,0,0,0,2,18,
C:\A\C_Programme\VC++\Win32Project1\Win32Project1\stb_image.h,stbi__parse_entropy_coded_data(stbi__jpeg *z),125,103,74,42,0,2,22,207,
C:\A\C_Programme\VC++\Win32Project1\Win32Project1\stb_image.h,"stbi__jpeg_dequantize(short *data, stbi_uc *dequant)",4,4,3,1,0,0,0,0,
C:\A\C_Programme\VC++\Win32Project1\Win32Project1\stb_image.h,stbi__jpeg_finish(stbi__jpeg *z),16,15,11,4,0,0,1,5,
C:\A\C_Programme\VC++\Win32Project1\Win32Project1\stb_image.h,"stbi__process_marker(stbi__jpeg *z, int m)",61,57,43,21,3,4,1,25,
C:\A\C_Programme\VC++\Win32Project1\Win32Project1\stb_image.h,stbi__process_scan_header(stbi__jpeg *z),37,35,28,13,2,2,0,9,
C:\A\C_Programme\VC++\Win32Project1\Win32Project1\stb_image.h,"stbi__process_frame_header(stbi__jpeg *z, int scan)",86,69,59,19,9,7,8,88,
C:\A\C_Programme\VC++\Win32Project1\Win32Project1\stb_image.h,"stbi__decode_jpeg_header(stbi__jpeg *z, int scan)",19,18,16,8,0,1,1,17,
C:\A\C_Programme\VC++\Win32Project1\Win32Project1\stb_image.h,stbi__decode_jpeg_image(stbi__jpeg *j),36,34,25,14,0,0,2,29,
C:\A\C_Programme\VC++\Win32Project1\Win32Project1\stb_image.h,"resample_row_1(stbi_uc *out, stbi_uc *in_near, stbi_uc *in_far, int w, int hs)",6,6,6,1,0,0,0,0,
C:\A\C_Programme\VC++\Win32Project1\Win32Project1\stb_image.h,"stbi__resample_row_v_2(stbi_uc *out, stbi_uc *in_near, stbi_uc *in_far, int w, int hs)",7,6,5,2,0,0,1,11,
C:\A\C_Programme\VC++\Win32Project1\Win32Project1\stb_image.h,"stbi__resample_row_h_2(stbi_uc *out, stbi_uc *in_near, stbi_uc *in_far, int w, int hs)",25,19,17,4,4,0,2,19,
C:\A\C_Programme\VC++\Win32Project1\Win32Project1\stb_image.h,"stbi__resample_row_hv_2(stbi_uc *out, stbi_uc *in_near, stbi_uc *in_far, int w, int hs)",21,17,15,4,3,0,1,10,
C:\A\C_Programme\VC++\Win32Project1\Win32Project1\stb_image.h,"stbi__resample_row_hv_2_simd(stbi_uc *out, stbi_uc *in_near, stbi_uc *in_far, int w, int hs)",112,68,62,5,14,2,30,282,
C:\A\C_Programme\VC++\Win32Project1\Win32Project1\stb_image.h,"stbi__resample_row_generic(stbi_uc *out, stbi_uc *in_near, stbi_uc *in_far, int w, int hs)",8,7,5,3,0,0,1,3,
C:\A\C_Programme\VC++\Win32Project1\Win32Project1\stb_image.h,"stbi__YCbCr_to_RGB_row(stbi_uc *out, const stbi_uc *y, const stbi_uc *pcb, const stbi_uc *pcr, int count, int step)",22,22,21,4,0,1,0,1,
C:\A\C_Programme\VC++\Win32Project1\Win32Project1\stb_image.h,"stbi__YCbCr_to_RGB_row(stbi_uc *out, const stbi_uc *y, const stbi_uc *pcb, const stbi_uc *pcr, int count, int step)",22,22,21,4,0,1,0,1,
C:\A\C_Programme\VC++\Win32Project1\Win32Project1\stb_image.h,"stbi__YCbCr_to_RGB_simd(stbi_uc *out, stbi_uc const *y, stbi_uc const *pcb, stbi_uc const *pcr, int count, int step)",130,97,88,8,15,4,18,110,
C:\A\C_Programme\VC++\Win32Project1\Win32Project1\stb_image.h,stbi__setup_jpeg(stbi__jpeg *j),22,20,11,1,2,0,0,0,
C:\A\C_Programme\VC++\Win32Project1\Win32Project1\stb_image.h,stbi__cleanup_jpeg(stbi__jpeg *j),18,18,14,4,0,0,0,0,
C:\A\C_Programme\VC++\Win32Project1\Win32Project1\stb_image.h,"load_jpeg_image(stbi__jpeg *z, int *out_x, int *out_y, int *comp, int req_comp)",107,87,66,21,12,3,8,64,
C:\A\C_Programme\VC++\Win32Project1\Win32Project1\stb_image.h,"stbi__jpeg_load(stbi__context *s, int *x, int *y, int *comp, int req_comp)",8,8,8,1,0,0,0,0,
C:\A\C_Programme\VC++\Win32Project1\Win32Project1\stb_image.h,stbi__jpeg_test(stbi__context *s),8,8,8,1,0,0,0,0,
C:\A\C_Programme\VC++\Win32Project1\Win32Project1\stb_image.h,"stbi__jpeg_info_raw(stbi__jpeg *j, int *x, int *y, int *comp)",9,9,8,6,0,0,0,0,
C:\A\C_Programme\VC++\Win32Project1\Win32Project1\stb_image.h,"stbi__jpeg_info(stbi__context *s, int *x, int *y, int *comp)",7,7,7,1,0,0,0,0,
C:\A\C_Programme\VC++\Win32Project1\Win32Project1\stb_image.h,stbi__bitreverse16(int n),6,6,6,1,0,0,0,0,
C:\A\C_Programme\VC++\Win32Project1\Win32Project1\stb_image.h,"stbi__bit_reverse(int v, int bits)",5,3,3,1,0,0,2,18,
C:\A\C_Programme\VC++\Win32Project1\Win32Project1\stb_image.h,"stbi__zbuild_huffman(stbi__zhuffman *z, stbi_uc *sizelist, int num)",44,42,33,12,1,2,1,10,
C:\A\C_Programme\VC++\Win32Project1\Win32Project1\stb_image.h,stbi__zget8(stbi__zbuf *z),3,3,3,2,0,0,0,0,
C:\A\C_Programme\VC++\Win32Project1\Win32Project1\stb_image.h,stbi__fill_bits(stbi__zbuf *z),6,6,6,0,0,0,0,0,
C:\A\C_Programme\VC++\Win32Project1\Win32Project1\stb_image.h,"stbi__zreceive(stbi__zbuf *z, int n)",7,7,7,2,0,0,0,0,
C:\A\C_Programme\VC++\Win32Project1\Win32Project1\stb_image.h,"stbi__zhuffman_decode_slowpath(stbi__zbuf *a, stbi__zhuffman *z)",15,12,10,5,0,1,3,26,
C:\A\C_Programme\VC++\Win32Project1\Win32Project1\stb_image.h,"stbi__zhuffman_decode(stbi__zbuf *a, stbi__zhuffman *z)",11,11,10,4,0,0,0,0,
C:\A\C_Programme\VC++\Win32Project1\Win32Project1\stb_image.h,"stbi__zexpand(stbi__zbuf *z, char *zout, int n)",16,16,15,4,0,0,0,0,
C:\A\C_Programme\VC++\Win32Project1\Win32Project1\stb_image.h,stbi__parse_huffman_block(stbi__zbuf *a),41,41,33,16,0,2,0,11,
C:\A\C_Programme\VC++\Win32Project1\Win32Project1\stb_image.h,stbi__compute_huffman_codes(stbi__zbuf *a),45,42,37,9,3,1,0,5,
C:\A\C_Programme\VC++\Win32Project1\Win32Project1\stb_image.h,stbi__parse_uncompressed_block(stbi__zbuf *a),26,24,20,8,0,2,2,17,
C:\A\C_Programme\VC++\Win32Project1\Win32Project1\stb_image.h,stbi__parse_zlib_header(stbi__zbuf *a),10,8,8,4,0,3,2,33,
C:\A\C_Programme\VC++\Win32Project1\Win32Project1\stb_image.h,stbi__init_zdefaults(void),8,7,7,5,1,1,0,7,
C:\A\C_Programme\VC++\Win32Project1\Win32Project1\stb_image.h,"stbi__parse_zlib(stbi__zbuf *a, int parse_header)",29,28,22,12,0,0,1,4,
C:\A\C_Programme\VC++\Win32Project1\Win32Project1\stb_image.h,"stbi__do_zlib(stbi__zbuf *a, char *obuf, int olen, int exp, int parse_header)",7,6,6,1,1,0,0,0,
C:\A\C_Programme\VC++\Win32Project1\Win32Project1\stb_image.h,"stbi_zlib_decode_malloc_guesssize(const char *buffer, int len, int initial_size, int *outlen)",14,14,12,5,0,0,0,0,
C:\A\C_Programme\VC++\Win32Project1\Win32Project1\stb_image.h,"stbi_zlib_decode_malloc(char const *buffer, int len, int *outlen)",2,2,2,1,0,0,0,0,
C:\A\C_Programme\VC++\Win32Project1\Win32Project1\stb_image.h,"stbi_zlib_decode_malloc_guesssize_headerflag(const char *buffer, int len, int initial_size, int *outlen, int parse_header)",14,14,12,5,0,0,0,0,
C:\A\C_Programme\VC++\Win32Project1\Win32Project1\stb_image.h,"stbi_zlib_decode_buffer(char *obuffer, int olen, char const *ibuffer, int ilen)",8,8,6,3,0,0,0,0,
C:\A\C_Programme\VC++\Win32Project1\Win32Project1\stb_image.h,"stbi_zlib_decode_noheader_malloc(char const *buffer, int len, int *outlen)",14,14,12,5,0,0,0,0,
C:\A\C_Programme\VC++\Win32Project1\Win32Project1\stb_image.h,"stbi_zlib_decode_noheader_buffer(char *obuffer, int olen, const char *ibuffer, int ilen)",8,8,6,3,0,0,0,0,
C:\A\C_Programme\VC++\Win32Project1\Win32Project1\stb_image.h,stbi__get_chunk_header(stbi__context *s),5,5,5,1,0,0,0,0,
C:\A\C_Programme\VC++\Win32Project1\Win32Project1\stb_image.h,stbi__check_png_header(stbi__context *s),6,6,6,3,0,0,0,0,
C:\A\C_Programme\VC++\Win32Project1\Win32Project1\stb_image.h,"stbi__paeth(int a, int b, int c)",8,8,8,3,0,0,0,0,
C:\A\C_Programme\VC++\Win32Project1\Win32Project1\stb_image.h,"stbi__create_png_image_raw(stbi__png *a, stbi_uc *raw, stbi__uint32 raw_len, int out_n, stbi__uint32 x, stbi__uint32 y, int depth, int color)",215,178,136,45,16,9,21,295,
C:\A\C_Programme\VC++\Win32Project1\Win32Project1\stb_image.h,"stbi__create_png_image(stbi__png *a, stbi_uc *image_data, stbi__uint32 image_data_len, int out_n, int depth, int color, int interlaced)",39,35,32,9,2,0,2,10,
C:\A\C_Programme\VC++\Win32Project1\Win32Project1\stb_image.h,"stbi__compute_transparency(stbi__png *z, stbi_uc tc[3], int out_n)",23,19,14,5,2,0,2,15,
C:\A\C_Programme\VC++\Win32Project1\Win32Project1\stb_image.h,"stbi__compute_transparency16(stbi__png *z, stbi__uint16 tc[3], int out_n)",23,19,14,5,2,0,2,15,
C:\A\C_Programme\VC++\Win32Project1\Win32Project1\stb_image.h,"stbi__expand_png_palette(stbi__png *a, stbi_uc *palette, int len, int pal_img_n)",35,29,25,5,5,0,1,8,
C:\A\C_Programme\VC++\Win32Project1\Win32Project1\stb_image.h,stbi__reduce_png(stbi__png *p),17,12,12,4,5,2,0,22,
C:\A\C_Programme\VC++\Win32Project1\Win32Project1\stb_image.h,stbi_set_unpremultiply_on_load(int flag_true_if_should_unpremultiply),2,2,2,0,0,0,0,0,
C:\A\C_Programme\VC++\Win32Project1\Win32Project1\stb_image.h,stbi_convert_iphone_png_to_rgb(int flag_true_if_should_convert),2,2,2,0,0,0,0,0,
C:\A\C_Programme\VC++\Win32Project1\Win32Project1\stb_image.h,stbi__de_iphone(stbi__png *z),42,39,30,6,1,1,2,14,
C:\A\C_Programme\VC++\Win32Project1\Win32Project1\stb_image.h,"stbi__parse_png_file(stbi__png *z, int scan, int req_comp)",170,153,123,62,9,6,8,87,
C:\A\C_Programme\VC++\Win32Project1\Win32Project1\stb_image.h,"stbi__do_png(stbi__png *p, int *x, int *y, int *n, int req_comp)",25,24,20,9,1,0,0,0,
C:\A\C_Programme\VC++\Win32Project1\Win32Project1\stb_image.h,"stbi__png_load(stbi__context *s, int *x, int *y, int *comp, int req_comp)",4,4,4,1,0,0,0,0,
C:\A\C_Programme\VC++\Win32Project1\Win32Project1\stb_image.h,stbi__png_test(stbi__context *s),5,5,5,1,0,0,0,0,
C:\A\C_Programme\VC++\Win32Project1\Win32Project1\stb_image.h,"stbi__png_info_raw(stbi__png *p, int *x, int *y, int *comp)",9,9,8,6,0,0,0,0,
C:\A\C_Programme\VC++\Win32Project1\Win32Project1\stb_image.h,"stbi__png_info(stbi__context *s, int *x, int *y, int *comp)",4,4,4,1,0,0,0,0,
C:\A\C_Programme\VC++\Win32Project1\Win32Project1\stb_image.h,stbi__bmp_test_raw(stbi__context *s),12,12,12,3,0,4,0,9,
C:\A\C_Programme\VC++\Win32Project1\Win32Project1\stb_image.h,stbi__bmp_test(stbi__context *s),4,4,4,1,0,0,0,0,
C:\A\C_Programme\VC++\Win32Project1\Win32Project1\stb_image.h,stbi__high_bit(unsigned int z),9,9,9,7,0,0,0,0,
C:\A\C_Programme\VC++\Win32Project1\Win32Project1\stb_image.h,stbi__bitcount(unsigned int a),7,7,7,1,0,5,0,21,
C:\A\C_Programme\VC++\Win32Project1\Win32Project1\stb_image.h,"stbi__shiftsigned(int v, int shift, int bits)",14,12,11,3,2,0,0,0,
C:\A\C_Programme\VC++\Win32Project1\Win32Project1\stb_image.h,"stbi__bmp_parse_header(stbi__context *s, stbi__bmp_data *info)",86,83,67,20,1,15,2,66,
C:\A\C_Programme\VC++\Win32Project1\Win32Project1\stb_image.h,"stbi__bmp_load(stbi__context *s, int *x, int *y, int *comp, int req_comp)",153,141,113,38,10,5,2,50,
C:\A\C_Programme\VC++\Win32Project1\Win32Project1\stb_image.h,"stbi__tga_get_comp(int bits_per_pixel, int is_grey, int* is_rgb16)",13,11,9,3,0,1,2,12,
C:\A\C_Programme\VC++\Win32Project1\Win32Project1\stb_image.h,"stbi__tga_info(stbi__context *s, int *x, int *y, int *comp)",64,62,50,22,0,16,2,99,
C:\A\C_Programme\VC++\Win32Project1\Win32Project1\stb_image.h,stbi__tga_test(stbi__context *s),29,27,24,10,2,17,0,93,
C:\A\C_Programme\VC++\Win32Project1\Win32Project1\stb_image.h,"stbi__tga_read_rgb16(stbi__context *s, stbi_uc* out)",16,9,9,0,1,0,6,70,
C:\A\C_Programme\VC++\Win32Project1\Win32Project1\stb_image.h,"stbi__tga_load(stbi__context *s, int *x, int *y, int *comp, int req_comp)",193,153,107,31,12,2,28,217,
C:\A\C_Programme\VC++\Win32Project1\Win32Project1\stb_image.h,stbi__psd_test(stbi__context *s),4,4,4,1,0,0,0,0,
C:\A\C_Programme\VC++\Win32Project1\Win32Project1\stb_image.h,"stbi__psd_load(stbi__context *s, int *x, int *y, int *comp, int req_comp)",186,113,83,34,24,2,49,309,
C:\A\C_Programme\VC++\Win32Project1\Win32Project1\stb_image.h,"stbi__pic_is4(stbi__context *s, const char *str)",7,6,4,4,1,0,0,0,
C:\A\C_Programme\VC++\Win32Project1\Win32Project1\stb_image.h,stbi__pic_test_core(stbi__context *s),13,9,6,6,4,0,0,0,
C:\A\C_Programme\VC++\Win32Project1\Win32Project1\stb_image.h,"stbi__readval(stbi__context *s, int channel, stbi_uc *dest)",11,9,7,4,2,0,0,0,
C:\A\C_Programme\VC++\Win32Project1\Win32Project1\stb_image.h,"stbi__copyval(int channel, stbi_uc *dest, const stbi_uc *src)",6,5,3,2,1,0,0,0,
C:\A\C_Programme\VC++\Win32Project1\Win32Project1\stb_image.h,"stbi__pic_load_core(stbi__context *s, int width, int height, int *comp, stbi_uc *result)",108,81,57,33,25,6,2,29,
C:\A\C_Programme\VC++\Win32Project1\Win32Project1\stb_image.h,"stbi__pic_load(stbi__context *s, int *px, int *py, int *comp, int req_comp)",30,23,21,6,6,3,1,10,
C:\A\C_Programme\VC++\Win32Project1\Win32Project1\stb_image.h,stbi__pic_test(stbi__context *s),4,4,4,1,0,0,0,0,
C:\A\C_Programme\VC++\Win32Project1\Win32Project1\stb_image.h,stbi__gif_test_raw(stbi__context *s),7,7,7,4,0,0,0,0,
C:\A\C_Programme\VC++\Win32Project1\Win32Project1\stb_image.h,stbi__gif_test(stbi__context *s),4,4,4,1,0,0,0,0,
C:\A\C_Programme\VC++\Win32Project1\Win32Project1\stb_image.h,"stbi__gif_parse_colortable(stbi__context *s, stbi_uc pal[256][4], int num_entries, int transp)",8,8,7,1,0,0,0,0,
C:\A\C_Programme\VC++\Win32Project1\Win32Project1\stb_image.h,"stbi__gif_header(stbi__context *s, stbi__gif *g, int *comp, int is_info)",25,19,17,8,6,1,0,13,
C:\A\C_Programme\VC++\Win32Project1\Win32Project1\stb_image.h,"stbi__gif_info_raw(stbi__context *s, int *x, int *y, int *comp)",11,11,10,5,0,0,0,0,
C:\A\C_Programme\VC++\Win32Project1\Win32Project1\stb_image.h,"stbi__out_gif_code(stbi__gif *g, stbi__uint16 code)",31,23,19,5,6,0,2,20,
C:\A\C_Programme\VC++\Win32Project1\Win32Project1\stb_image.h,"stbi__process_gif_raster(stbi__context *s, stbi__gif *g)",82,73,59,16,7,3,2,25,
C:\A\C_Programme\VC++\Win32Project1\Win32Project1\stb_image.h,"stbi__fill_gif_background(stbi__gif *g, int x0, int y0, int x1, int y1)",12,12,10,2,0,0,0,0,
C:\A\C_Programme\VC++\Win32Project1\Win32Project1\stb_image.h,"stbi__gif_load_next(stbi__context *s, stbi__gif *g, int *comp, int req_comp)",117,101,73,30,16,11,0,42,
C:\A\C_Programme\VC++\Win32Project1\Win32Project1\stb_image.h,"stbi__gif_load(stbi__context *s, int *x, int *y, int *comp, int req_comp)",17,16,13,4,1,1,0,5,
C:\A\C_Programme\VC++\Win32Project1\Win32Project1\stb_image.h,"stbi__gif_info(stbi__context *s, int *x, int *y, int *comp)",2,2,2,1,0,0,0,0,
C:\A\C_Programme\VC++\Win32Project1\Win32Project1\stb_image.h,stbi__hdr_test_core(stbi__context *s),7,7,5,4,0,0,0,0,
C:\A\C_Programme\VC++\Win32Project1\Win32Project1\stb_image.h,stbi__hdr_test(stbi__context* s),4,4,4,1,0,0,0,0,
C:\A\C_Programme\VC++\Win32Project1\Win32Project1\stb_image.h,"stbi__hdr_gettoken(stbi__context *z, char *buffer)",19,15,12,5,3,0,1,5,
C:\A\C_Programme\VC++\Win32Project1\Win32Project1\stb_image.h,"stbi__hdr_convert(float *output, stbi_uc *input, int req_comp)",25,24,19,7,0,2,1,5,
C:\A\C_Programme\VC++\Win32Project1\Win32Project1\stb_image.h,"stbi__hdr_load(stbi__context *s, int *x, int *y, int *comp, int req_comp)",110,85,69,25,12,1,13,71,
C:\A\C_Programme\VC++\Win32Project1\Win32Project1\stb_image.h,"stbi__hdr_info(stbi__context *s, int *x, int *y, int *comp)",36,33,28,13,3,0,0,0,
C:\A\C_Programme\VC++\Win32Project1\Win32Project1\stb_image.h,"stbi__bmp_info(stbi__context *s, int *x, int *y, int *comp)",13,12,11,3,1,0,0,0,
C:\A\C_Programme\VC++\Win32Project1\Win32Project1\stb_image.h,"stbi__psd_info(stbi__context *s, int *x, int *y, int *comp)",28,28,23,11,0,0,0,0,
C:\A\C_Programme\VC++\Win32Project1\Win32Project1\stb_image.h,"stbi__pic_info(stbi__context *s, int *x, int *y, int *comp)",50,40,34,13,10,0,0,0,
C:\A\C_Programme\VC++\Win32Project1\Win32Project1\stb_image.h,stbi__pnm_test(stbi__context *s),9,9,8,3,0,0,0,0,
C:\A\C_Programme\VC++\Win32Project1\Win32Project1\stb_image.h,"stbi__pnm_load(stbi__context *s, int *x, int *y, int *comp, int req_comp)",17,15,13,6,2,1,0,5,
C:\A\C_Programme\VC++\Win32Project1\Win32Project1\stb_image.h,stbi__pnm_isspace(char c),2,2,2,1,0,0,0,0,
C:\A\C_Programme\VC++\Win32Project1\Win32Project1\stb_image.h,"stbi__pnm_skip_whitespace(stbi__context *s, char *c)",11,9,5,5,2,0,0,0,
C:\A\C_Programme\VC++\Win32Project1\Win32Project1\stb_image.h,stbi__pnm_isdigit(char c),2,2,2,1,0,0,0,0,
C:\A\C_Programme\VC++\Win32Project1\Win32Project1\stb_image.h,"stbi__pnm_getinteger(stbi__context *s, char *c)",9,7,6,2,2,0,0,0,
C:\A\C_Programme\VC++\Win32Project1\Win32Project1\stb_image.h,"stbi__pnm_info(stbi__context *s, int *x, int *y, int *comp)",31,22,19,5,8,4,1,17,
C:\A\C_Programme\VC++\Win32Project1\Win32Project1\stb_image.h,"stbi__info_main(stbi__context *s, int *x, int *y, int *comp)",39,30,11,11,8,0,1,8,
C:\A\C_Programme\VC++\Win32Project1\Win32Project1\stb_image.h,"stbi_info(char const *filename, int *x, int *y, int *comp)",7,7,7,2,0,0,0,0,
C:\A\C_Programme\VC++\Win32Project1\Win32Project1\stb_image.h,"stbi_info_from_file(FILE *f, int *x, int *y, int *comp)",8,8,8,1,0,0,0,0,
C:\A\C_Programme\VC++\Win32Project1\Win32Project1\stb_image.h,"stbi_info_from_memory(stbi_uc const *buffer, int len, int *x, int *y, int *comp)",4,4,4,1,0,0,0,0,
C:\A\C_Programme\VC++\Win32Project1\Win32Project1\stb_image.h,"stbi_info_from_callbacks(stbi_io_callbacks const *c, void *user, int *x, int *y, int *comp)",4,4,4,1,0,0,0,0,
C:\A\C_Programme\VC++\Win32Project1\Win32Project1\stlsort.h,"bubbleSort(iterator first, iterator last, LessThan lessThan)",39,24,17,4,7,1,8,57,
C:\A\C_Programme\VC++\Win32Project1\Win32Project1\stlsort.h,"bubbleSort(iterator first, iterator last)",2,2,2,0,0,0,0,0,
C:\A\C_Programme\VC++\Win32Project1\Win32Project1\stlsort.h,"selectionSort(iterator first, iterator last, LessThan lessThan)",23,15,9,4,3,0,5,38,
C:\A\C_Programme\VC++\Win32Project1\Win32Project1\stlsort.h,"selectionSort(iterator first, iterator last)",2,2,2,0,0,0,0,0,
C:\A\C_Programme\VC++\Win32Project1\Win32Project1\stlsort.h,"insertionSort(iterator first, iterator last, LessThan lessThan)",36,22,15,6,6,1,8,58,
C:\A\C_Programme\VC++\Win32Project1\Win32Project1\stlsort.h,"insertionSort(iterator first, iterator last)",2,2,2,0,0,0,0,0,
C:\A\C_Programme\VC++\Win32Project1\Win32Project1\stlsort.h,"shellSort(iterator first, iterator last, LessThan lessThan)",64,40,29,10,10,0,14,90,
C:\A\C_Programme\VC++\Win32Project1\Win32Project1\stlsort.h,"shellSort(iterator first, iterator last)",2,2,2,0,0,0,0,0,
C:\A\C_Programme\VC++\Win32Project1\Win32Project1\stlsort.h,"heapSort(iterator first, iterator last, LessThan lessThan)",4,3,3,0,0,0,1,4,
C:\A\C_Programme\VC++\Win32Project1\Win32Project1\stlsort.h,"heapSort(iterator first, iterator last)",4,3,3,0,0,0,1,4,
C:\A\C_Programme\VC++\Win32Project1\Win32Project1\stlsort.h,"naryHeapSort(iterator first, iterator last, LessThan lessThan)",84,58,39,10,14,0,12,94,
C:\A\C_Programme\VC++\Win32Project1\Win32Project1\stlsort.h,"naryHeapSort(iterator first, iterator last)",2,2,2,0,0,0,0,0,
C:\A\C_Programme\VC++\Win32Project1\Win32Project1\stlsort.h,"mergeSort(iterator first, iterator last, LessThan lessThan, size_t size = 0)",24,12,10,2,4,0,8,48,
C:\A\C_Programme\VC++\Win32Project1\Win32Project1\stlsort.h,"mergeSort(iterator first, iterator last)",2,2,2,0,0,0,0,0,
C:\A\C_Programme\VC++\Win32Project1\Win32Project1\stlsort.h,"mergeSortInPlace(iterator first, iterator last, LessThan lessThan, size_t size = 0)",50,27,20,5,8,0,15,116,
C:\A\C_Programme\VC++\Win32Project1\Win32Project1\stlsort.h,"mergeSortInPlace(iterator first, iterator last)",2,2,2,0,0,0,0,0,
C:\A\C_Programme\VC++\Win32Project1\Win32Project1\stlsort.h,"quickSort(iterator first, iterator last, LessThan lessThan)",39,27,18,7,5,1,7,54,
C:\A\C_Programme\VC++\Win32Project1\Win32Project1\stlsort.h,"quickSort(iterator first, iterator last)",2,2,2,0,0,0,0,0,
C:\A\C_Programme\VC++\Win32Project1\Win32Project1\Text.h,Text::operator<<(const T & x),4,4,4,1,0,0,0,0,
C:\A\C_Programme\VC++\Win32Project1\Win32Project1\Text.h,Text::operator<<<std::string>(const std::string & x),4,4,4,1,0,0,0,0,
C:\A\C_Programme\VC++\Win32Project1\Win32Project1\Text.h,Text::operator<< <char>(const char & x),4,4,4,1,0,0,0,0,
